Node,Type,Subgraph,Status
/Slice,Slice,vaiml_par_0,Supported
/head/MatMul,Gemm,vaiml_par_0,Supported
/lm/And_1,And,vaiml_par_0,Supported
/lm/Cast,Cast,,Not supported. Check aie_unsupported_original_ops.
/lm/Flatten,Flatten,vaiml_par_0,Supported
/lm/Gather_1,Gather,vaiml_par_0,Supported
/lm/Reshape_new_reshape,Reshape,vaiml_par_0,Supported
/lm/Slice,Slice,,Supported
/lm/embed_tokens/Gather,Gather,,Not supported. Check aie_unsupported_original_ops.
/lm/embedding_norm/Add,Add,vaiml_par_0,Supported
/lm/embedding_norm/Div,Div,vaiml_par_0,Supported
/lm/embedding_norm/Mul_1,Mul,vaiml_par_0,Supported
/lm/embedding_norm/Pow,Pow,vaiml_par_0,Supported
/lm/embedding_norm/ReduceMean,ReduceMean,vaiml_par_0,Supported
/lm/embedding_norm/Sqrt,Sqrt,vaiml_par_0,Supported
/lm/layers.0/Add,Add,vaiml_par_0,Supported
/lm/layers.0/Add_1,Add,vaiml_par_0,Supported
/lm/layers.0/conv/Conv,Conv,vaiml_par_0,Supported
/lm/layers.0/conv/Mul,Mul,vaiml_par_0,Supported
/lm/layers.0/conv/Mul_4,Mul,vaiml_par_0,Supported
/lm/layers.0/conv/Mul_5,Mul,vaiml_par_0,Supported
/lm/layers.0/conv/Slice,Slice,vaiml_par_0,Supported
/lm/layers.0/conv/Slice_1,Slice,vaiml_par_0,Supported
/lm/layers.0/conv/Slice_2,Slice,vaiml_par_0,Supported
/lm/layers.0/conv/Slice_3,Slice,vaiml_par_0,Supported
/lm/layers.0/conv/Transpose,Transpose,vaiml_par_0,Supported
/lm/layers.0/conv/Transpose_1,Transpose,vaiml_par_0,Supported
/lm/layers.0/conv/Unsqueeze,Unsqueeze,,Not supported. Check aie_unsupported_original_ops.
/lm/layers.0/conv/in_proj/MatMul,MatMul,vaiml_par_0,Supported
/lm/layers.0/conv/out_proj/MatMul,MatMul,vaiml_par_0,Supported
/lm/layers.0/feed_forward/Mul,Mul,vaiml_par_0,Supported
/lm/layers.0/feed_forward/Mul_1,Mul,vaiml_par_0,Supported
/lm/layers.0/feed_forward/Sigmoid,Sigmoid,vaiml_par_0,Supported
/lm/layers.0/feed_forward/w1/MatMul,MatMul,vaiml_par_0,Supported
/lm/layers.0/feed_forward/w2/MatMul,MatMul,vaiml_par_0,Supported
/lm/layers.0/feed_forward/w3/MatMul,MatMul,vaiml_par_0,Supported
/lm/layers.0/ffn_norm/Add,Add,vaiml_par_0,Supported
/lm/layers.0/ffn_norm/Div,Div,vaiml_par_0,Supported
/lm/layers.0/ffn_norm/Mul_1,Mul,vaiml_par_0,Supported
/lm/layers.0/ffn_norm/Pow,Pow,vaiml_par_0,Supported
/lm/layers.0/ffn_norm/ReduceMean,ReduceMean,vaiml_par_0,Supported
/lm/layers.0/ffn_norm/Sqrt,Sqrt,vaiml_par_0,Supported
/lm/layers.0/operator_norm/Add,Add,vaiml_par_0,Supported
/lm/layers.0/operator_norm/Div,Div,vaiml_par_0,Supported
/lm/layers.0/operator_norm/Mul_1,Mul,vaiml_par_0,Supported
/lm/layers.0/operator_norm/Pow,Pow,vaiml_par_0,Supported
/lm/layers.0/operator_norm/ReduceMean,ReduceMean,vaiml_par_0,Supported
/lm/layers.0/operator_norm/Sqrt,Sqrt,vaiml_par_0,Supported
/lm/layers.1/Add,Add,vaiml_par_0,Supported
/lm/layers.1/Add_1,Add,vaiml_par_0,Supported
/lm/layers.1/conv/Conv,Conv,vaiml_par_0,Supported
/lm/layers.1/conv/Mul,Mul,vaiml_par_0,Supported
/lm/layers.1/conv/Mul_4,Mul,vaiml_par_0,Supported
/lm/layers.1/conv/Mul_5,Mul,vaiml_par_0,Supported
/lm/layers.1/conv/Slice,Slice,vaiml_par_0,Supported
/lm/layers.1/conv/Slice_1,Slice,vaiml_par_0,Supported
/lm/layers.1/conv/Slice_2,Slice,vaiml_par_0,Supported
/lm/layers.1/conv/Slice_3,Slice,vaiml_par_0,Supported
/lm/layers.1/conv/Transpose,Transpose,vaiml_par_0,Supported
/lm/layers.1/conv/Transpose_1,Transpose,vaiml_par_0,Supported
/lm/layers.1/conv/in_proj/MatMul,MatMul,vaiml_par_0,Supported
/lm/layers.1/conv/out_proj/MatMul,MatMul,vaiml_par_0,Supported
/lm/layers.1/feed_forward/Mul,Mul,vaiml_par_0,Supported
/lm/layers.1/feed_forward/Mul_1,Mul,vaiml_par_0,Supported
/lm/layers.1/feed_forward/Sigmoid,Sigmoid,vaiml_par_0,Supported
/lm/layers.1/feed_forward/w1/MatMul,MatMul,vaiml_par_0,Supported
/lm/layers.1/feed_forward/w2/MatMul,MatMul,vaiml_par_0,Supported
/lm/layers.1/feed_forward/w3/MatMul,MatMul,vaiml_par_0,Supported
/lm/layers.1/ffn_norm/Add,Add,vaiml_par_0,Supported
/lm/layers.1/ffn_norm/Div,Div,vaiml_par_0,Supported
/lm/layers.1/ffn_norm/Mul_1,Mul,vaiml_par_0,Supported
/lm/layers.1/ffn_norm/Pow,Pow,vaiml_par_0,Supported
/lm/layers.1/ffn_norm/ReduceMean,ReduceMean,vaiml_par_0,Supported
/lm/layers.1/ffn_norm/Sqrt,Sqrt,vaiml_par_0,Supported
/lm/layers.1/operator_norm/Add,Add,vaiml_par_0,Supported
/lm/layers.1/operator_norm/Div,Div,vaiml_par_0,Supported
/lm/layers.1/operator_norm/Mul_1,Mul,vaiml_par_0,Supported
/lm/layers.1/operator_norm/Pow,Pow,vaiml_par_0,Supported
/lm/layers.1/operator_norm/ReduceMean,ReduceMean,vaiml_par_0,Supported
/lm/layers.1/operator_norm/Sqrt,Sqrt,vaiml_par_0,Supported
/lm/layers.10/Add,Add,vaiml_par_0,Supported
/lm/layers.10/Add_1,Add,vaiml_par_0,Supported
/lm/layers.10/conv/Conv,Conv,vaiml_par_0,Supported
/lm/layers.10/conv/Mul,Mul,vaiml_par_0,Supported
/lm/layers.10/conv/Mul_4,Mul,vaiml_par_0,Supported
/lm/layers.10/conv/Mul_5,Mul,vaiml_par_0,Supported
/lm/layers.10/conv/Slice,Slice,vaiml_par_0,Supported
/lm/layers.10/conv/Slice_1,Slice,vaiml_par_0,Supported
/lm/layers.10/conv/Slice_2,Slice,vaiml_par_0,Supported
/lm/layers.10/conv/Slice_3,Slice,vaiml_par_0,Supported
/lm/layers.10/conv/Transpose,Transpose,vaiml_par_0,Supported
/lm/layers.10/conv/Transpose_1,Transpose,vaiml_par_0,Supported
/lm/layers.10/conv/in_proj/MatMul,MatMul,vaiml_par_0,Supported
/lm/layers.10/conv/out_proj/MatMul,MatMul,vaiml_par_0,Supported
/lm/layers.10/feed_forward/Mul,Mul,vaiml_par_0,Supported
/lm/layers.10/feed_forward/Mul_1,Mul,vaiml_par_0,Supported
/lm/layers.10/feed_forward/Sigmoid,Sigmoid,vaiml_par_0,Supported
/lm/layers.10/feed_forward/w1/MatMul,MatMul,vaiml_par_0,Supported
/lm/layers.10/feed_forward/w2/MatMul,MatMul,vaiml_par_0,Supported
/lm/layers.10/feed_forward/w3/MatMul,MatMul,vaiml_par_0,Supported
/lm/layers.10/ffn_norm/Add,Add,vaiml_par_0,Supported
/lm/layers.10/ffn_norm/Div,Div,vaiml_par_0,Supported
/lm/layers.10/ffn_norm/Mul_1,Mul,vaiml_par_0,Supported
/lm/layers.10/ffn_norm/Pow,Pow,vaiml_par_0,Supported
/lm/layers.10/ffn_norm/ReduceMean,ReduceMean,vaiml_par_0,Supported
/lm/layers.10/ffn_norm/Sqrt,Sqrt,vaiml_par_0,Supported
/lm/layers.10/operator_norm/Add,Add,vaiml_par_0,Supported
/lm/layers.10/operator_norm/Div,Div,vaiml_par_0,Supported
/lm/layers.10/operator_norm/Mul_1,Mul,vaiml_par_0,Supported
/lm/layers.10/operator_norm/Pow,Pow,vaiml_par_0,Supported
/lm/layers.10/operator_norm/ReduceMean,ReduceMean,vaiml_par_0,Supported
/lm/layers.10/operator_norm/Sqrt,Sqrt,vaiml_par_0,Supported
/lm/layers.11/Add,Add,vaiml_par_0,Supported
/lm/layers.11/Add_1,Add,vaiml_par_0,Supported
/lm/layers.11/conv/Conv,Conv,vaiml_par_0,Supported
/lm/layers.11/conv/Mul,Mul,vaiml_par_0,Supported
/lm/layers.11/conv/Mul_4,Mul,vaiml_par_0,Supported
/lm/layers.11/conv/Mul_5,Mul,vaiml_par_0,Supported
/lm/layers.11/conv/Slice,Slice,vaiml_par_0,Supported
/lm/layers.11/conv/Slice_1,Slice,vaiml_par_0,Supported
/lm/layers.11/conv/Slice_2,Slice,vaiml_par_0,Supported
/lm/layers.11/conv/Slice_3,Slice,vaiml_par_0,Supported
/lm/layers.11/conv/Transpose,Transpose,vaiml_par_0,Supported
/lm/layers.11/conv/Transpose_1,Transpose,vaiml_par_0,Supported
/lm/layers.11/conv/in_proj/MatMul,MatMul,vaiml_par_0,Supported
/lm/layers.11/conv/out_proj/MatMul,MatMul,vaiml_par_0,Supported
/lm/layers.11/feed_forward/Mul,Mul,vaiml_par_0,Supported
/lm/layers.11/feed_forward/Mul_1,Mul,vaiml_par_0,Supported
/lm/layers.11/feed_forward/Sigmoid,Sigmoid,vaiml_par_0,Supported
/lm/layers.11/feed_forward/w1/MatMul,MatMul,vaiml_par_0,Supported
/lm/layers.11/feed_forward/w2/MatMul,MatMul,vaiml_par_0,Supported
/lm/layers.11/feed_forward/w3/MatMul,MatMul,vaiml_par_0,Supported
/lm/layers.11/ffn_norm/Add,Add,vaiml_par_0,Supported
/lm/layers.11/ffn_norm/Div,Div,vaiml_par_0,Supported
/lm/layers.11/ffn_norm/Mul_1,Mul,vaiml_par_0,Supported
/lm/layers.11/ffn_norm/Pow,Pow,vaiml_par_0,Supported
/lm/layers.11/ffn_norm/ReduceMean,ReduceMean,vaiml_par_0,Supported
/lm/layers.11/ffn_norm/Sqrt,Sqrt,vaiml_par_0,Supported
/lm/layers.11/operator_norm/Add,Add,vaiml_par_0,Supported
/lm/layers.11/operator_norm/Div,Div,vaiml_par_0,Supported
/lm/layers.11/operator_norm/Mul_1,Mul,vaiml_par_0,Supported
/lm/layers.11/operator_norm/Pow,Pow,vaiml_par_0,Supported
/lm/layers.11/operator_norm/ReduceMean,ReduceMean,vaiml_par_0,Supported
/lm/layers.11/operator_norm/Sqrt,Sqrt,vaiml_par_0,Supported
/lm/layers.12/Add,Add,vaiml_par_0,Supported
/lm/layers.12/Add_1,Add,vaiml_par_0,Supported
/lm/layers.12/conv/Conv,Conv,vaiml_par_0,Supported
/lm/layers.12/conv/Mul,Mul,vaiml_par_0,Supported
/lm/layers.12/conv/Mul_4,Mul,vaiml_par_0,Supported
/lm/layers.12/conv/Mul_5,Mul,vaiml_par_0,Supported
/lm/layers.12/conv/Slice,Slice,vaiml_par_0,Supported
/lm/layers.12/conv/Slice_1,Slice,vaiml_par_0,Supported
/lm/layers.12/conv/Slice_2,Slice,vaiml_par_0,Supported
/lm/layers.12/conv/Slice_3,Slice,vaiml_par_0,Supported
/lm/layers.12/conv/Transpose,Transpose,vaiml_par_0,Supported
/lm/layers.12/conv/Transpose_1,Transpose,vaiml_par_0,Supported
/lm/layers.12/conv/in_proj/MatMul,MatMul,vaiml_par_0,Supported
/lm/layers.12/conv/out_proj/MatMul,MatMul,vaiml_par_0,Supported
/lm/layers.12/feed_forward/Mul,Mul,vaiml_par_0,Supported
/lm/layers.12/feed_forward/Mul_1,Mul,vaiml_par_0,Supported
/lm/layers.12/feed_forward/Sigmoid,Sigmoid,vaiml_par_0,Supported
/lm/layers.12/feed_forward/w1/MatMul,MatMul,vaiml_par_0,Supported
/lm/layers.12/feed_forward/w2/MatMul,MatMul,vaiml_par_0,Supported
/lm/layers.12/feed_forward/w3/MatMul,MatMul,vaiml_par_0,Supported
/lm/layers.12/ffn_norm/Add,Add,vaiml_par_0,Supported
/lm/layers.12/ffn_norm/Div,Div,vaiml_par_0,Supported
/lm/layers.12/ffn_norm/Mul_1,Mul,vaiml_par_0,Supported
/lm/layers.12/ffn_norm/Pow,Pow,vaiml_par_0,Supported
/lm/layers.12/ffn_norm/ReduceMean,ReduceMean,vaiml_par_0,Supported
/lm/layers.12/ffn_norm/Sqrt,Sqrt,vaiml_par_0,Supported
/lm/layers.12/operator_norm/Add,Add,vaiml_par_0,Supported
/lm/layers.12/operator_norm/Div,Div,vaiml_par_0,Supported
/lm/layers.12/operator_norm/Mul_1,Mul,vaiml_par_0,Supported
/lm/layers.12/operator_norm/Pow,Pow,vaiml_par_0,Supported
/lm/layers.12/operator_norm/ReduceMean,ReduceMean,vaiml_par_0,Supported
/lm/layers.12/operator_norm/Sqrt,Sqrt,vaiml_par_0,Supported
/lm/layers.13/Add,Add,vaiml_par_0,Supported
/lm/layers.13/Add_1,Add,vaiml_par_0,Supported
/lm/layers.13/feed_forward/Mul,Mul,vaiml_par_0,Supported
/lm/layers.13/feed_forward/Mul_1,Mul,vaiml_par_0,Supported
/lm/layers.13/feed_forward/Sigmoid,Sigmoid,vaiml_par_0,Supported
/lm/layers.13/feed_forward/w1/MatMul,MatMul,vaiml_par_0,Supported
/lm/layers.13/feed_forward/w2/MatMul,MatMul,vaiml_par_0,Supported
/lm/layers.13/feed_forward/w3/MatMul,MatMul,vaiml_par_0,Supported
/lm/layers.13/ffn_norm/Add,Add,vaiml_par_0,Supported
/lm/layers.13/ffn_norm/Div,Div,vaiml_par_0,Supported
/lm/layers.13/ffn_norm/Mul_1,Mul,vaiml_par_0,Supported
/lm/layers.13/ffn_norm/Pow,Pow,vaiml_par_0,Supported
/lm/layers.13/ffn_norm/ReduceMean,ReduceMean,vaiml_par_0,Supported
/lm/layers.13/ffn_norm/Sqrt,Sqrt,vaiml_par_0,Supported
/lm/layers.13/operator_norm/Add,Add,vaiml_par_0,Supported
/lm/layers.13/operator_norm/Div,Div,vaiml_par_0,Supported
/lm/layers.13/operator_norm/Mul_1,Mul,vaiml_par_0,Supported
/lm/layers.13/operator_norm/Pow,Pow,vaiml_par_0,Supported
/lm/layers.13/operator_norm/ReduceMean,ReduceMean,vaiml_par_0,Supported
/lm/layers.13/operator_norm/Sqrt,Sqrt,vaiml_par_0,Supported
/lm/layers.13/self_attn/Add,Add,vaiml_par_0,Supported
/lm/layers.13/self_attn/Add_1,Add,vaiml_par_0,Supported
/lm/layers.13/self_attn/Add_2,Add,vaiml_par_0,Supported
/lm/layers.13/self_attn/Concat,Concat,vaiml_par_0,Supported
/lm/layers.13/self_attn/Concat_1,Concat,vaiml_par_0,Supported
/lm/layers.13/self_attn/Expand,Expand,vaiml_par_0,Supported
/lm/layers.13/self_attn/Expand_1,Expand,vaiml_par_0,Supported
/lm/layers.13/self_attn/IsNaN,IsNaN,vaiml_par_0,Supported
/lm/layers.13/self_attn/MatMul,MatMul,vaiml_par_0,Supported
/lm/layers.13/self_attn/MatMul_1,MatMul,vaiml_par_0,Supported
/lm/layers.13/self_attn/Mul,Mul,vaiml_par_0,Supported
/lm/layers.13/self_attn/Mul_1,Mul,vaiml_par_0,Supported
/lm/layers.13/self_attn/Mul_2,Mul,vaiml_par_0,Supported
/lm/layers.13/self_attn/Mul_3,Mul,vaiml_par_0,Supported
/lm/layers.13/self_attn/Mul_6,Mul,vaiml_par_0,Supported
/lm/layers.13/self_attn/Mul_7,Mul,vaiml_par_0,Supported
/lm/layers.13/self_attn/Neg,Neg,vaiml_par_0,Supported
/lm/layers.13/self_attn/Neg_1,Neg,vaiml_par_0,Supported
/lm/layers.13/self_attn/Reshape,Reshape,vaiml_par_0,Supported
/lm/layers.13/self_attn/Reshape_1,Reshape,vaiml_par_0,Supported
/lm/layers.13/self_attn/Reshape_2,Reshape,vaiml_par_0,Supported
/lm/layers.13/self_attn/Reshape_3,Reshape,vaiml_par_0,Supported
/lm/layers.13/self_attn/Reshape_4,Reshape,vaiml_par_0,Supported
/lm/layers.13/self_attn/Reshape_5,Reshape,vaiml_par_0,Supported
/lm/layers.13/self_attn/Slice,Slice,vaiml_par_0,Supported
/lm/layers.13/self_attn/Slice_1,Slice,vaiml_par_0,Supported
/lm/layers.13/self_attn/Slice_2,Slice,vaiml_par_0,Supported
/lm/layers.13/self_attn/Slice_3,Slice,vaiml_par_0,Supported
/lm/layers.13/self_attn/Softmax,Softmax,vaiml_par_0,Supported
/lm/layers.13/self_attn/Transpose,Transpose,vaiml_par_0,Supported
/lm/layers.13/self_attn/Transpose_1,Transpose,vaiml_par_0,Supported
/lm/layers.13/self_attn/Transpose_2,Transpose,vaiml_par_0,Supported
/lm/layers.13/self_attn/Transpose_3,Transpose,vaiml_par_0,Supported
/lm/layers.13/self_attn/Transpose_4,Transpose,vaiml_par_0,Supported
/lm/layers.13/self_attn/Unsqueeze,Unsqueeze,vaiml_par_0,Supported
/lm/layers.13/self_attn/Unsqueeze_1,Unsqueeze,vaiml_par_0,Supported
/lm/layers.13/self_attn/Where_3,Where,vaiml_par_0,Supported
/lm/layers.13/self_attn/k_layernorm/Add,Add,vaiml_par_0,Supported
/lm/layers.13/self_attn/k_layernorm/Div,Div,vaiml_par_0,Supported
/lm/layers.13/self_attn/k_layernorm/Mul_1,Mul,vaiml_par_0,Supported
/lm/layers.13/self_attn/k_layernorm/Pow,Pow,vaiml_par_0,Supported
/lm/layers.13/self_attn/k_layernorm/ReduceMean,ReduceMean,vaiml_par_0,Supported
/lm/layers.13/self_attn/k_layernorm/Sqrt,Sqrt,vaiml_par_0,Supported
/lm/layers.13/self_attn/k_proj/MatMul,MatMul,vaiml_par_0,Supported
/lm/layers.13/self_attn/out_proj/MatMul,MatMul,vaiml_par_0,Supported
/lm/layers.13/self_attn/q_layernorm/Add,Add,vaiml_par_0,Supported
/lm/layers.13/self_attn/q_layernorm/Div,Div,vaiml_par_0,Supported
/lm/layers.13/self_attn/q_layernorm/Mul_1,Mul,vaiml_par_0,Supported
/lm/layers.13/self_attn/q_layernorm/Pow,Pow,vaiml_par_0,Supported
/lm/layers.13/self_attn/q_layernorm/ReduceMean,ReduceMean,vaiml_par_0,Supported
/lm/layers.13/self_attn/q_layernorm/Sqrt,Sqrt,vaiml_par_0,Supported
/lm/layers.13/self_attn/q_proj/MatMul,MatMul,vaiml_par_0,Supported
/lm/layers.13/self_attn/v_proj/MatMul,MatMul,vaiml_par_0,Supported
/lm/layers.14/Add,Add,vaiml_par_0,Supported
/lm/layers.14/Add_1,Add,vaiml_par_0,Supported
/lm/layers.14/conv/Conv,Conv,vaiml_par_0,Supported
/lm/layers.14/conv/Mul,Mul,vaiml_par_0,Supported
/lm/layers.14/conv/Mul_4,Mul,vaiml_par_0,Supported
/lm/layers.14/conv/Mul_5,Mul,vaiml_par_0,Supported
/lm/layers.14/conv/Slice,Slice,vaiml_par_0,Supported
/lm/layers.14/conv/Slice_1,Slice,vaiml_par_0,Supported
/lm/layers.14/conv/Slice_2,Slice,vaiml_par_0,Supported
/lm/layers.14/conv/Slice_3,Slice,vaiml_par_0,Supported
/lm/layers.14/conv/Transpose,Transpose,vaiml_par_0,Supported
/lm/layers.14/conv/Transpose_1,Transpose,vaiml_par_0,Supported
/lm/layers.14/conv/in_proj/MatMul,MatMul,vaiml_par_0,Supported
/lm/layers.14/conv/out_proj/MatMul,MatMul,vaiml_par_0,Supported
/lm/layers.14/feed_forward/Mul,Mul,vaiml_par_0,Supported
/lm/layers.14/feed_forward/Mul_1,Mul,vaiml_par_0,Supported
/lm/layers.14/feed_forward/Sigmoid,Sigmoid,vaiml_par_0,Supported
/lm/layers.14/feed_forward/w1/MatMul,MatMul,vaiml_par_0,Supported
/lm/layers.14/feed_forward/w2/MatMul,MatMul,vaiml_par_0,Supported
/lm/layers.14/feed_forward/w3/MatMul,MatMul,vaiml_par_0,Supported
/lm/layers.14/ffn_norm/Add,Add,vaiml_par_0,Supported
/lm/layers.14/ffn_norm/Div,Div,vaiml_par_0,Supported
/lm/layers.14/ffn_norm/Mul_1,Mul,vaiml_par_0,Supported
/lm/layers.14/ffn_norm/Pow,Pow,vaiml_par_0,Supported
/lm/layers.14/ffn_norm/ReduceMean,ReduceMean,vaiml_par_0,Supported
/lm/layers.14/ffn_norm/Sqrt,Sqrt,vaiml_par_0,Supported
/lm/layers.14/operator_norm/Add,Add,vaiml_par_0,Supported
/lm/layers.14/operator_norm/Div,Div,vaiml_par_0,Supported
/lm/layers.14/operator_norm/Mul_1,Mul,vaiml_par_0,Supported
/lm/layers.14/operator_norm/Pow,Pow,vaiml_par_0,Supported
/lm/layers.14/operator_norm/ReduceMean,ReduceMean,vaiml_par_0,Supported
/lm/layers.14/operator_norm/Sqrt,Sqrt,vaiml_par_0,Supported
/lm/layers.15/Add,Add,vaiml_par_0,Supported
/lm/layers.15/Add_1,Add,vaiml_par_0,Supported
/lm/layers.15/conv/Conv,Conv,vaiml_par_0,Supported
/lm/layers.15/conv/Mul,Mul,vaiml_par_0,Supported
/lm/layers.15/conv/Mul_4,Mul,vaiml_par_0,Supported
/lm/layers.15/conv/Mul_5,Mul,vaiml_par_0,Supported
/lm/layers.15/conv/Slice,Slice,vaiml_par_0,Supported
/lm/layers.15/conv/Slice_1,Slice,vaiml_par_0,Supported
/lm/layers.15/conv/Slice_2,Slice,vaiml_par_0,Supported
/lm/layers.15/conv/Slice_3,Slice,vaiml_par_0,Supported
/lm/layers.15/conv/Transpose,Transpose,vaiml_par_0,Supported
/lm/layers.15/conv/Transpose_1,Transpose,vaiml_par_0,Supported
/lm/layers.15/conv/in_proj/MatMul,MatMul,vaiml_par_0,Supported
/lm/layers.15/conv/out_proj/MatMul,MatMul,vaiml_par_0,Supported
/lm/layers.15/feed_forward/Mul,Mul,vaiml_par_0,Supported
/lm/layers.15/feed_forward/Mul_1,Mul,vaiml_par_0,Supported
/lm/layers.15/feed_forward/Sigmoid,Sigmoid,vaiml_par_0,Supported
/lm/layers.15/feed_forward/w1/MatMul,MatMul,vaiml_par_0,Supported
/lm/layers.15/feed_forward/w2/MatMul,MatMul,vaiml_par_0,Supported
/lm/layers.15/feed_forward/w3/MatMul,MatMul,vaiml_par_0,Supported
/lm/layers.15/ffn_norm/Add,Add,vaiml_par_0,Supported
/lm/layers.15/ffn_norm/Div,Div,vaiml_par_0,Supported
/lm/layers.15/ffn_norm/Mul_1,Mul,vaiml_par_0,Supported
/lm/layers.15/ffn_norm/Pow,Pow,vaiml_par_0,Supported
/lm/layers.15/ffn_norm/ReduceMean,ReduceMean,vaiml_par_0,Supported
/lm/layers.15/ffn_norm/Sqrt,Sqrt,vaiml_par_0,Supported
/lm/layers.15/operator_norm/Add,Add,vaiml_par_0,Supported
/lm/layers.15/operator_norm/Div,Div,vaiml_par_0,Supported
/lm/layers.15/operator_norm/Mul_1,Mul,vaiml_par_0,Supported
/lm/layers.15/operator_norm/Pow,Pow,vaiml_par_0,Supported
/lm/layers.15/operator_norm/ReduceMean,ReduceMean,vaiml_par_0,Supported
/lm/layers.15/operator_norm/Sqrt,Sqrt,vaiml_par_0,Supported
/lm/layers.16/Add,Add,vaiml_par_0,Supported
/lm/layers.16/Add_1,Add,vaiml_par_0,Supported
/lm/layers.16/conv/Conv,Conv,vaiml_par_0,Supported
/lm/layers.16/conv/Mul,Mul,vaiml_par_0,Supported
/lm/layers.16/conv/Mul_4,Mul,vaiml_par_0,Supported
/lm/layers.16/conv/Mul_5,Mul,vaiml_par_0,Supported
/lm/layers.16/conv/Slice,Slice,vaiml_par_0,Supported
/lm/layers.16/conv/Slice_1,Slice,vaiml_par_0,Supported
/lm/layers.16/conv/Slice_2,Slice,vaiml_par_0,Supported
/lm/layers.16/conv/Slice_3,Slice,vaiml_par_0,Supported
/lm/layers.16/conv/Transpose,Transpose,vaiml_par_0,Supported
/lm/layers.16/conv/Transpose_1,Transpose,vaiml_par_0,Supported
/lm/layers.16/conv/in_proj/MatMul,MatMul,vaiml_par_0,Supported
/lm/layers.16/conv/out_proj/MatMul,MatMul,vaiml_par_0,Supported
/lm/layers.16/feed_forward/Mul,Mul,vaiml_par_0,Supported
/lm/layers.16/feed_forward/Mul_1,Mul,vaiml_par_0,Supported
/lm/layers.16/feed_forward/Sigmoid,Sigmoid,vaiml_par_0,Supported
/lm/layers.16/feed_forward/w1/MatMul,MatMul,vaiml_par_0,Supported
/lm/layers.16/feed_forward/w2/MatMul,MatMul,vaiml_par_0,Supported
/lm/layers.16/feed_forward/w3/MatMul,MatMul,vaiml_par_0,Supported
/lm/layers.16/ffn_norm/Add,Add,vaiml_par_0,Supported
/lm/layers.16/ffn_norm/Div,Div,vaiml_par_0,Supported
/lm/layers.16/ffn_norm/Mul_1,Mul,vaiml_par_0,Supported
/lm/layers.16/ffn_norm/Pow,Pow,vaiml_par_0,Supported
/lm/layers.16/ffn_norm/ReduceMean,ReduceMean,vaiml_par_0,Supported
/lm/layers.16/ffn_norm/Sqrt,Sqrt,vaiml_par_0,Supported
/lm/layers.16/operator_norm/Add,Add,vaiml_par_0,Supported
/lm/layers.16/operator_norm/Div,Div,vaiml_par_0,Supported
/lm/layers.16/operator_norm/Mul_1,Mul,vaiml_par_0,Supported
/lm/layers.16/operator_norm/Pow,Pow,vaiml_par_0,Supported
/lm/layers.16/operator_norm/ReduceMean,ReduceMean,vaiml_par_0,Supported
/lm/layers.16/operator_norm/Sqrt,Sqrt,vaiml_par_0,Supported
/lm/layers.17/Add,Add,vaiml_par_0,Supported
/lm/layers.17/Add_1,Add,vaiml_par_0,Supported
/lm/layers.17/feed_forward/Mul,Mul,vaiml_par_0,Supported
/lm/layers.17/feed_forward/Mul_1,Mul,vaiml_par_0,Supported
/lm/layers.17/feed_forward/Sigmoid,Sigmoid,vaiml_par_0,Supported
/lm/layers.17/feed_forward/w1/MatMul,MatMul,vaiml_par_0,Supported
/lm/layers.17/feed_forward/w2/MatMul,MatMul,vaiml_par_0,Supported
/lm/layers.17/feed_forward/w3/MatMul,MatMul,vaiml_par_0,Supported
/lm/layers.17/ffn_norm/Add,Add,vaiml_par_0,Supported
/lm/layers.17/ffn_norm/Div,Div,vaiml_par_0,Supported
/lm/layers.17/ffn_norm/Mul_1,Mul,vaiml_par_0,Supported
/lm/layers.17/ffn_norm/Pow,Pow,vaiml_par_0,Supported
/lm/layers.17/ffn_norm/ReduceMean,ReduceMean,vaiml_par_0,Supported
/lm/layers.17/ffn_norm/Sqrt,Sqrt,vaiml_par_0,Supported
/lm/layers.17/operator_norm/Add,Add,vaiml_par_0,Supported
/lm/layers.17/operator_norm/Div,Div,vaiml_par_0,Supported
/lm/layers.17/operator_norm/Mul_1,Mul,vaiml_par_0,Supported
/lm/layers.17/operator_norm/Pow,Pow,vaiml_par_0,Supported
/lm/layers.17/operator_norm/ReduceMean,ReduceMean,vaiml_par_0,Supported
/lm/layers.17/operator_norm/Sqrt,Sqrt,vaiml_par_0,Supported
/lm/layers.17/self_attn/Add,Add,vaiml_par_0,Supported
/lm/layers.17/self_attn/Add_1,Add,vaiml_par_0,Supported
/lm/layers.17/self_attn/Add_2,Add,vaiml_par_0,Supported
/lm/layers.17/self_attn/Concat,Concat,vaiml_par_0,Supported
/lm/layers.17/self_attn/Concat_1,Concat,vaiml_par_0,Supported
/lm/layers.17/self_attn/Expand,Expand,vaiml_par_0,Supported
/lm/layers.17/self_attn/Expand_1,Expand,vaiml_par_0,Supported
/lm/layers.17/self_attn/IsNaN,IsNaN,vaiml_par_0,Supported
/lm/layers.17/self_attn/MatMul,MatMul,vaiml_par_0,Supported
/lm/layers.17/self_attn/MatMul_1,MatMul,vaiml_par_0,Supported
/lm/layers.17/self_attn/Mul,Mul,vaiml_par_0,Supported
/lm/layers.17/self_attn/Mul_1,Mul,vaiml_par_0,Supported
/lm/layers.17/self_attn/Mul_2,Mul,vaiml_par_0,Supported
/lm/layers.17/self_attn/Mul_3,Mul,vaiml_par_0,Supported
/lm/layers.17/self_attn/Mul_6,Mul,vaiml_par_0,Supported
/lm/layers.17/self_attn/Mul_7,Mul,vaiml_par_0,Supported
/lm/layers.17/self_attn/Neg,Neg,vaiml_par_0,Supported
/lm/layers.17/self_attn/Neg_1,Neg,vaiml_par_0,Supported
/lm/layers.17/self_attn/Reshape,Reshape,vaiml_par_0,Supported
/lm/layers.17/self_attn/Reshape_1,Reshape,vaiml_par_0,Supported
/lm/layers.17/self_attn/Reshape_2,Reshape,vaiml_par_0,Supported
/lm/layers.17/self_attn/Reshape_3,Reshape,vaiml_par_0,Supported
/lm/layers.17/self_attn/Reshape_4,Reshape,vaiml_par_0,Supported
/lm/layers.17/self_attn/Reshape_5,Reshape,vaiml_par_0,Supported
/lm/layers.17/self_attn/Slice,Slice,vaiml_par_0,Supported
/lm/layers.17/self_attn/Slice_1,Slice,vaiml_par_0,Supported
/lm/layers.17/self_attn/Slice_2,Slice,vaiml_par_0,Supported
/lm/layers.17/self_attn/Slice_3,Slice,vaiml_par_0,Supported
/lm/layers.17/self_attn/Softmax,Softmax,vaiml_par_0,Supported
/lm/layers.17/self_attn/Transpose,Transpose,vaiml_par_0,Supported
/lm/layers.17/self_attn/Transpose_1,Transpose,vaiml_par_0,Supported
/lm/layers.17/self_attn/Transpose_2,Transpose,vaiml_par_0,Supported
/lm/layers.17/self_attn/Transpose_3,Transpose,vaiml_par_0,Supported
/lm/layers.17/self_attn/Transpose_4,Transpose,vaiml_par_0,Supported
/lm/layers.17/self_attn/Unsqueeze,Unsqueeze,vaiml_par_0,Supported
/lm/layers.17/self_attn/Unsqueeze_1,Unsqueeze,vaiml_par_0,Supported
/lm/layers.17/self_attn/Where_3,Where,vaiml_par_0,Supported
/lm/layers.17/self_attn/k_layernorm/Add,Add,vaiml_par_0,Supported
/lm/layers.17/self_attn/k_layernorm/Div,Div,vaiml_par_0,Supported
/lm/layers.17/self_attn/k_layernorm/Mul_1,Mul,vaiml_par_0,Supported
/lm/layers.17/self_attn/k_layernorm/Pow,Pow,vaiml_par_0,Supported
/lm/layers.17/self_attn/k_layernorm/ReduceMean,ReduceMean,vaiml_par_0,Supported
/lm/layers.17/self_attn/k_layernorm/Sqrt,Sqrt,vaiml_par_0,Supported
/lm/layers.17/self_attn/k_proj/MatMul,MatMul,vaiml_par_0,Supported
/lm/layers.17/self_attn/out_proj/MatMul,MatMul,vaiml_par_0,Supported
/lm/layers.17/self_attn/q_layernorm/Add,Add,vaiml_par_0,Supported
/lm/layers.17/self_attn/q_layernorm/Div,Div,vaiml_par_0,Supported
/lm/layers.17/self_attn/q_layernorm/Mul_1,Mul,vaiml_par_0,Supported
/lm/layers.17/self_attn/q_layernorm/Pow,Pow,vaiml_par_0,Supported
/lm/layers.17/self_attn/q_layernorm/ReduceMean,ReduceMean,vaiml_par_0,Supported
/lm/layers.17/self_attn/q_layernorm/Sqrt,Sqrt,vaiml_par_0,Supported
/lm/layers.17/self_attn/q_proj/MatMul,MatMul,vaiml_par_0,Supported
/lm/layers.17/self_attn/v_proj/MatMul,MatMul,vaiml_par_0,Supported
/lm/layers.18/Add,Add,vaiml_par_0,Supported
/lm/layers.18/Add_1,Add,vaiml_par_0,Supported
/lm/layers.18/conv/Conv,Conv,vaiml_par_0,Supported
/lm/layers.18/conv/Mul,Mul,vaiml_par_0,Supported
/lm/layers.18/conv/Mul_4,Mul,vaiml_par_0,Supported
/lm/layers.18/conv/Mul_5,Mul,vaiml_par_0,Supported
/lm/layers.18/conv/Slice,Slice,vaiml_par_0,Supported
/lm/layers.18/conv/Slice_1,Slice,vaiml_par_0,Supported
/lm/layers.18/conv/Slice_2,Slice,vaiml_par_0,Supported
/lm/layers.18/conv/Slice_3,Slice,vaiml_par_0,Supported
/lm/layers.18/conv/Transpose,Transpose,vaiml_par_0,Supported
/lm/layers.18/conv/Transpose_1,Transpose,vaiml_par_0,Supported
/lm/layers.18/conv/in_proj/MatMul,MatMul,vaiml_par_0,Supported
/lm/layers.18/conv/out_proj/MatMul,MatMul,vaiml_par_0,Supported
/lm/layers.18/feed_forward/Mul,Mul,vaiml_par_0,Supported
/lm/layers.18/feed_forward/Mul_1,Mul,vaiml_par_0,Supported
/lm/layers.18/feed_forward/Sigmoid,Sigmoid,vaiml_par_0,Supported
/lm/layers.18/feed_forward/w1/MatMul,MatMul,vaiml_par_0,Supported
/lm/layers.18/feed_forward/w2/MatMul,MatMul,vaiml_par_0,Supported
/lm/layers.18/feed_forward/w3/MatMul,MatMul,vaiml_par_0,Supported
/lm/layers.18/ffn_norm/Add,Add,vaiml_par_0,Supported
/lm/layers.18/ffn_norm/Div,Div,vaiml_par_0,Supported
/lm/layers.18/ffn_norm/Mul_1,Mul,vaiml_par_0,Supported
/lm/layers.18/ffn_norm/Pow,Pow,vaiml_par_0,Supported
/lm/layers.18/ffn_norm/ReduceMean,ReduceMean,vaiml_par_0,Supported
/lm/layers.18/ffn_norm/Sqrt,Sqrt,vaiml_par_0,Supported
/lm/layers.18/operator_norm/Add,Add,vaiml_par_0,Supported
/lm/layers.18/operator_norm/Div,Div,vaiml_par_0,Supported
/lm/layers.18/operator_norm/Mul_1,Mul,vaiml_par_0,Supported
/lm/layers.18/operator_norm/Pow,Pow,vaiml_par_0,Supported
/lm/layers.18/operator_norm/ReduceMean,ReduceMean,vaiml_par_0,Supported
/lm/layers.18/operator_norm/Sqrt,Sqrt,vaiml_par_0,Supported
/lm/layers.19/Add,Add,vaiml_par_0,Supported
/lm/layers.19/Add_1,Add,vaiml_par_0,Supported
/lm/layers.19/conv/Conv,Conv,vaiml_par_0,Supported
/lm/layers.19/conv/Mul,Mul,vaiml_par_0,Supported
/lm/layers.19/conv/Mul_4,Mul,vaiml_par_0,Supported
/lm/layers.19/conv/Mul_5,Mul,vaiml_par_0,Supported
/lm/layers.19/conv/Slice,Slice,vaiml_par_0,Supported
/lm/layers.19/conv/Slice_1,Slice,vaiml_par_0,Supported
/lm/layers.19/conv/Slice_2,Slice,vaiml_par_0,Supported
/lm/layers.19/conv/Slice_3,Slice,vaiml_par_0,Supported
/lm/layers.19/conv/Transpose,Transpose,vaiml_par_0,Supported
/lm/layers.19/conv/Transpose_1,Transpose,vaiml_par_0,Supported
/lm/layers.19/conv/in_proj/MatMul,MatMul,vaiml_par_0,Supported
/lm/layers.19/conv/out_proj/MatMul,MatMul,vaiml_par_0,Supported
/lm/layers.19/feed_forward/Mul,Mul,vaiml_par_0,Supported
/lm/layers.19/feed_forward/Mul_1,Mul,vaiml_par_0,Supported
/lm/layers.19/feed_forward/Sigmoid,Sigmoid,vaiml_par_0,Supported
/lm/layers.19/feed_forward/w1/MatMul,MatMul,vaiml_par_0,Supported
/lm/layers.19/feed_forward/w2/MatMul,MatMul,vaiml_par_0,Supported
/lm/layers.19/feed_forward/w3/MatMul,MatMul,vaiml_par_0,Supported
/lm/layers.19/ffn_norm/Add,Add,vaiml_par_0,Supported
/lm/layers.19/ffn_norm/Div,Div,vaiml_par_0,Supported
/lm/layers.19/ffn_norm/Mul_1,Mul,vaiml_par_0,Supported
/lm/layers.19/ffn_norm/Pow,Pow,vaiml_par_0,Supported
/lm/layers.19/ffn_norm/ReduceMean,ReduceMean,vaiml_par_0,Supported
/lm/layers.19/ffn_norm/Sqrt,Sqrt,vaiml_par_0,Supported
/lm/layers.19/operator_norm/Add,Add,vaiml_par_0,Supported
/lm/layers.19/operator_norm/Div,Div,vaiml_par_0,Supported
/lm/layers.19/operator_norm/Mul_1,Mul,vaiml_par_0,Supported
/lm/layers.19/operator_norm/Pow,Pow,vaiml_par_0,Supported
/lm/layers.19/operator_norm/ReduceMean,ReduceMean,vaiml_par_0,Supported
/lm/layers.19/operator_norm/Sqrt,Sqrt,vaiml_par_0,Supported
/lm/layers.2/Add,Add,vaiml_par_0,Supported
/lm/layers.2/Add_1,Add,vaiml_par_0,Supported
/lm/layers.2/feed_forward/Mul,Mul,vaiml_par_0,Supported
/lm/layers.2/feed_forward/Mul_1,Mul,vaiml_par_0,Supported
/lm/layers.2/feed_forward/Sigmoid,Sigmoid,vaiml_par_0,Supported
/lm/layers.2/feed_forward/w1/MatMul,MatMul,vaiml_par_0,Supported
/lm/layers.2/feed_forward/w2/MatMul,MatMul,vaiml_par_0,Supported
/lm/layers.2/feed_forward/w3/MatMul,MatMul,vaiml_par_0,Supported
/lm/layers.2/ffn_norm/Add,Add,vaiml_par_0,Supported
/lm/layers.2/ffn_norm/Div,Div,vaiml_par_0,Supported
/lm/layers.2/ffn_norm/Mul_1,Mul,vaiml_par_0,Supported
/lm/layers.2/ffn_norm/Pow,Pow,vaiml_par_0,Supported
/lm/layers.2/ffn_norm/ReduceMean,ReduceMean,vaiml_par_0,Supported
/lm/layers.2/ffn_norm/Sqrt,Sqrt,vaiml_par_0,Supported
/lm/layers.2/operator_norm/Add,Add,vaiml_par_0,Supported
/lm/layers.2/operator_norm/Div,Div,vaiml_par_0,Supported
/lm/layers.2/operator_norm/Mul_1,Mul,vaiml_par_0,Supported
/lm/layers.2/operator_norm/Pow,Pow,vaiml_par_0,Supported
/lm/layers.2/operator_norm/ReduceMean,ReduceMean,vaiml_par_0,Supported
/lm/layers.2/operator_norm/Sqrt,Sqrt,vaiml_par_0,Supported
/lm/layers.2/self_attn/Add,Add,vaiml_par_0,Supported
/lm/layers.2/self_attn/Add_1,Add,vaiml_par_0,Supported
/lm/layers.2/self_attn/Add_2,Add,vaiml_par_0,Supported
/lm/layers.2/self_attn/Concat,Concat,vaiml_par_0,Supported
/lm/layers.2/self_attn/Concat_1,Concat,vaiml_par_0,Supported
/lm/layers.2/self_attn/Expand,Expand,vaiml_par_0,Supported
/lm/layers.2/self_attn/Expand_1,Expand,vaiml_par_0,Supported
/lm/layers.2/self_attn/IsNaN,IsNaN,vaiml_par_0,Supported
/lm/layers.2/self_attn/MatMul,MatMul,vaiml_par_0,Supported
/lm/layers.2/self_attn/MatMul_1,MatMul,vaiml_par_0,Supported
/lm/layers.2/self_attn/Mul,Mul,vaiml_par_0,Supported
/lm/layers.2/self_attn/Mul_1,Mul,vaiml_par_0,Supported
/lm/layers.2/self_attn/Mul_2,Mul,vaiml_par_0,Supported
/lm/layers.2/self_attn/Mul_3,Mul,vaiml_par_0,Supported
/lm/layers.2/self_attn/Mul_6,Mul,vaiml_par_0,Supported
/lm/layers.2/self_attn/Mul_7,Mul,vaiml_par_0,Supported
/lm/layers.2/self_attn/Neg,Neg,vaiml_par_0,Supported
/lm/layers.2/self_attn/Neg_1,Neg,vaiml_par_0,Supported
/lm/layers.2/self_attn/Reshape,Reshape,vaiml_par_0,Supported
/lm/layers.2/self_attn/Reshape_1,Reshape,vaiml_par_0,Supported
/lm/layers.2/self_attn/Reshape_2,Reshape,vaiml_par_0,Supported
/lm/layers.2/self_attn/Reshape_3,Reshape,vaiml_par_0,Supported
/lm/layers.2/self_attn/Reshape_4,Reshape,vaiml_par_0,Supported
/lm/layers.2/self_attn/Reshape_5,Reshape,vaiml_par_0,Supported
/lm/layers.2/self_attn/Slice,Slice,vaiml_par_0,Supported
/lm/layers.2/self_attn/Slice_1,Slice,vaiml_par_0,Supported
/lm/layers.2/self_attn/Slice_2,Slice,vaiml_par_0,Supported
/lm/layers.2/self_attn/Slice_3,Slice,vaiml_par_0,Supported
/lm/layers.2/self_attn/Softmax,Softmax,vaiml_par_0,Supported
/lm/layers.2/self_attn/Transpose,Transpose,vaiml_par_0,Supported
/lm/layers.2/self_attn/Transpose_1,Transpose,vaiml_par_0,Supported
/lm/layers.2/self_attn/Transpose_2,Transpose,vaiml_par_0,Supported
/lm/layers.2/self_attn/Transpose_3,Transpose,vaiml_par_0,Supported
/lm/layers.2/self_attn/Transpose_4,Transpose,vaiml_par_0,Supported
/lm/layers.2/self_attn/Unsqueeze,Unsqueeze,vaiml_par_0,Supported
/lm/layers.2/self_attn/Unsqueeze_1,Unsqueeze,vaiml_par_0,Supported
/lm/layers.2/self_attn/Unsqueeze_2,Unsqueeze,vaiml_par_0,Supported
/lm/layers.2/self_attn/Unsqueeze_3,Unsqueeze,vaiml_par_0,Supported
/lm/layers.2/self_attn/Where_3,Where,vaiml_par_0,Supported
/lm/layers.2/self_attn/k_layernorm/Add,Add,vaiml_par_0,Supported
/lm/layers.2/self_attn/k_layernorm/Div,Div,vaiml_par_0,Supported
/lm/layers.2/self_attn/k_layernorm/Mul_1,Mul,vaiml_par_0,Supported
/lm/layers.2/self_attn/k_layernorm/Pow,Pow,vaiml_par_0,Supported
/lm/layers.2/self_attn/k_layernorm/ReduceMean,ReduceMean,vaiml_par_0,Supported
/lm/layers.2/self_attn/k_layernorm/Sqrt,Sqrt,vaiml_par_0,Supported
/lm/layers.2/self_attn/k_proj/MatMul,MatMul,vaiml_par_0,Supported
/lm/layers.2/self_attn/out_proj/MatMul,MatMul,vaiml_par_0,Supported
/lm/layers.2/self_attn/q_layernorm/Add,Add,vaiml_par_0,Supported
/lm/layers.2/self_attn/q_layernorm/Div,Div,vaiml_par_0,Supported
/lm/layers.2/self_attn/q_layernorm/Mul_1,Mul,vaiml_par_0,Supported
/lm/layers.2/self_attn/q_layernorm/Pow,Pow,vaiml_par_0,Supported
/lm/layers.2/self_attn/q_layernorm/ReduceMean,ReduceMean,vaiml_par_0,Supported
/lm/layers.2/self_attn/q_layernorm/Sqrt,Sqrt,vaiml_par_0,Supported
/lm/layers.2/self_attn/q_proj/MatMul,MatMul,vaiml_par_0,Supported
/lm/layers.2/self_attn/v_proj/MatMul,MatMul,vaiml_par_0,Supported
/lm/layers.20/Add,Add,vaiml_par_0,Supported
/lm/layers.20/Add_1,Add,vaiml_par_0,Supported
/lm/layers.20/conv/Conv,Conv,vaiml_par_0,Supported
/lm/layers.20/conv/Mul,Mul,vaiml_par_0,Supported
/lm/layers.20/conv/Mul_4,Mul,vaiml_par_0,Supported
/lm/layers.20/conv/Mul_5,Mul,vaiml_par_0,Supported
/lm/layers.20/conv/Slice,Slice,vaiml_par_0,Supported
/lm/layers.20/conv/Slice_1,Slice,vaiml_par_0,Supported
/lm/layers.20/conv/Slice_2,Slice,vaiml_par_0,Supported
/lm/layers.20/conv/Slice_3,Slice,vaiml_par_0,Supported
/lm/layers.20/conv/Transpose,Transpose,vaiml_par_0,Supported
/lm/layers.20/conv/Transpose_1,Transpose,vaiml_par_0,Supported
/lm/layers.20/conv/in_proj/MatMul,MatMul,vaiml_par_0,Supported
/lm/layers.20/conv/out_proj/MatMul,MatMul,vaiml_par_0,Supported
/lm/layers.20/feed_forward/Mul,Mul,vaiml_par_0,Supported
/lm/layers.20/feed_forward/Mul_1,Mul,vaiml_par_0,Supported
/lm/layers.20/feed_forward/Sigmoid,Sigmoid,vaiml_par_0,Supported
/lm/layers.20/feed_forward/w1/MatMul,MatMul,vaiml_par_0,Supported
/lm/layers.20/feed_forward/w2/MatMul,MatMul,vaiml_par_0,Supported
/lm/layers.20/feed_forward/w3/MatMul,MatMul,vaiml_par_0,Supported
/lm/layers.20/ffn_norm/Add,Add,vaiml_par_0,Supported
/lm/layers.20/ffn_norm/Div,Div,vaiml_par_0,Supported
/lm/layers.20/ffn_norm/Mul_1,Mul,vaiml_par_0,Supported
/lm/layers.20/ffn_norm/Pow,Pow,vaiml_par_0,Supported
/lm/layers.20/ffn_norm/ReduceMean,ReduceMean,vaiml_par_0,Supported
/lm/layers.20/ffn_norm/Sqrt,Sqrt,vaiml_par_0,Supported
/lm/layers.20/operator_norm/Add,Add,vaiml_par_0,Supported
/lm/layers.20/operator_norm/Div,Div,vaiml_par_0,Supported
/lm/layers.20/operator_norm/Mul_1,Mul,vaiml_par_0,Supported
/lm/layers.20/operator_norm/Pow,Pow,vaiml_par_0,Supported
/lm/layers.20/operator_norm/ReduceMean,ReduceMean,vaiml_par_0,Supported
/lm/layers.20/operator_norm/Sqrt,Sqrt,vaiml_par_0,Supported
/lm/layers.21/Add,Add,vaiml_par_0,Supported
/lm/layers.21/Add_1,Add,vaiml_par_0,Supported
/lm/layers.21/feed_forward/Mul,Mul,vaiml_par_0,Supported
/lm/layers.21/feed_forward/Mul_1,Mul,vaiml_par_0,Supported
/lm/layers.21/feed_forward/Sigmoid,Sigmoid,vaiml_par_0,Supported
/lm/layers.21/feed_forward/w1/MatMul,MatMul,vaiml_par_0,Supported
/lm/layers.21/feed_forward/w2/MatMul,MatMul,vaiml_par_0,Supported
/lm/layers.21/feed_forward/w3/MatMul,MatMul,vaiml_par_0,Supported
/lm/layers.21/ffn_norm/Add,Add,vaiml_par_0,Supported
/lm/layers.21/ffn_norm/Div,Div,vaiml_par_0,Supported
/lm/layers.21/ffn_norm/Mul_1,Mul,vaiml_par_0,Supported
/lm/layers.21/ffn_norm/Pow,Pow,vaiml_par_0,Supported
/lm/layers.21/ffn_norm/ReduceMean,ReduceMean,vaiml_par_0,Supported
/lm/layers.21/ffn_norm/Sqrt,Sqrt,vaiml_par_0,Supported
/lm/layers.21/operator_norm/Add,Add,vaiml_par_0,Supported
/lm/layers.21/operator_norm/Div,Div,vaiml_par_0,Supported
/lm/layers.21/operator_norm/Mul_1,Mul,vaiml_par_0,Supported
/lm/layers.21/operator_norm/Pow,Pow,vaiml_par_0,Supported
/lm/layers.21/operator_norm/ReduceMean,ReduceMean,vaiml_par_0,Supported
/lm/layers.21/operator_norm/Sqrt,Sqrt,vaiml_par_0,Supported
/lm/layers.21/self_attn/Add,Add,vaiml_par_0,Supported
/lm/layers.21/self_attn/Add_1,Add,vaiml_par_0,Supported
/lm/layers.21/self_attn/Add_2,Add,vaiml_par_0,Supported
/lm/layers.21/self_attn/Concat,Concat,vaiml_par_0,Supported
/lm/layers.21/self_attn/Concat_1,Concat,vaiml_par_0,Supported
/lm/layers.21/self_attn/Expand,Expand,vaiml_par_0,Supported
/lm/layers.21/self_attn/Expand_1,Expand,vaiml_par_0,Supported
/lm/layers.21/self_attn/IsNaN,IsNaN,vaiml_par_0,Supported
/lm/layers.21/self_attn/MatMul,MatMul,vaiml_par_0,Supported
/lm/layers.21/self_attn/MatMul_1,MatMul,vaiml_par_0,Supported
/lm/layers.21/self_attn/Mul,Mul,vaiml_par_0,Supported
/lm/layers.21/self_attn/Mul_1,Mul,vaiml_par_0,Supported
/lm/layers.21/self_attn/Mul_2,Mul,vaiml_par_0,Supported
/lm/layers.21/self_attn/Mul_3,Mul,vaiml_par_0,Supported
/lm/layers.21/self_attn/Mul_6,Mul,vaiml_par_0,Supported
/lm/layers.21/self_attn/Mul_7,Mul,vaiml_par_0,Supported
/lm/layers.21/self_attn/Neg,Neg,vaiml_par_0,Supported
/lm/layers.21/self_attn/Neg_1,Neg,vaiml_par_0,Supported
/lm/layers.21/self_attn/Reshape,Reshape,vaiml_par_0,Supported
/lm/layers.21/self_attn/Reshape_1,Reshape,vaiml_par_0,Supported
/lm/layers.21/self_attn/Reshape_2,Reshape,vaiml_par_0,Supported
/lm/layers.21/self_attn/Reshape_3,Reshape,vaiml_par_0,Supported
/lm/layers.21/self_attn/Reshape_4,Reshape,vaiml_par_0,Supported
/lm/layers.21/self_attn/Reshape_5,Reshape,vaiml_par_0,Supported
/lm/layers.21/self_attn/Slice,Slice,vaiml_par_0,Supported
/lm/layers.21/self_attn/Slice_1,Slice,vaiml_par_0,Supported
/lm/layers.21/self_attn/Slice_2,Slice,vaiml_par_0,Supported
/lm/layers.21/self_attn/Slice_3,Slice,vaiml_par_0,Supported
/lm/layers.21/self_attn/Softmax,Softmax,vaiml_par_0,Supported
/lm/layers.21/self_attn/Transpose,Transpose,vaiml_par_0,Supported
/lm/layers.21/self_attn/Transpose_1,Transpose,vaiml_par_0,Supported
/lm/layers.21/self_attn/Transpose_2,Transpose,vaiml_par_0,Supported
/lm/layers.21/self_attn/Transpose_3,Transpose,vaiml_par_0,Supported
/lm/layers.21/self_attn/Transpose_4,Transpose,vaiml_par_0,Supported
/lm/layers.21/self_attn/Unsqueeze,Unsqueeze,vaiml_par_0,Supported
/lm/layers.21/self_attn/Unsqueeze_1,Unsqueeze,vaiml_par_0,Supported
/lm/layers.21/self_attn/Where_3,Where,vaiml_par_0,Supported
/lm/layers.21/self_attn/k_layernorm/Add,Add,vaiml_par_0,Supported
/lm/layers.21/self_attn/k_layernorm/Div,Div,vaiml_par_0,Supported
/lm/layers.21/self_attn/k_layernorm/Mul_1,Mul,vaiml_par_0,Supported
/lm/layers.21/self_attn/k_layernorm/Pow,Pow,vaiml_par_0,Supported
/lm/layers.21/self_attn/k_layernorm/ReduceMean,ReduceMean,vaiml_par_0,Supported
/lm/layers.21/self_attn/k_layernorm/Sqrt,Sqrt,vaiml_par_0,Supported
/lm/layers.21/self_attn/k_proj/MatMul,MatMul,vaiml_par_0,Supported
/lm/layers.21/self_attn/out_proj/MatMul,MatMul,vaiml_par_0,Supported
/lm/layers.21/self_attn/q_layernorm/Add,Add,vaiml_par_0,Supported
/lm/layers.21/self_attn/q_layernorm/Div,Div,vaiml_par_0,Supported
/lm/layers.21/self_attn/q_layernorm/Mul_1,Mul,vaiml_par_0,Supported
/lm/layers.21/self_attn/q_layernorm/Pow,Pow,vaiml_par_0,Supported
/lm/layers.21/self_attn/q_layernorm/ReduceMean,ReduceMean,vaiml_par_0,Supported
/lm/layers.21/self_attn/q_layernorm/Sqrt,Sqrt,vaiml_par_0,Supported
/lm/layers.21/self_attn/q_proj/MatMul,MatMul,vaiml_par_0,Supported
/lm/layers.21/self_attn/v_proj/MatMul,MatMul,vaiml_par_0,Supported
/lm/layers.22/Add,Add,vaiml_par_0,Supported
/lm/layers.22/Add_1,Add,vaiml_par_0,Supported
/lm/layers.22/conv/Conv,Conv,vaiml_par_0,Supported
/lm/layers.22/conv/Mul,Mul,vaiml_par_0,Supported
/lm/layers.22/conv/Mul_4,Mul,vaiml_par_0,Supported
/lm/layers.22/conv/Mul_5,Mul,vaiml_par_0,Supported
/lm/layers.22/conv/Slice,Slice,vaiml_par_0,Supported
/lm/layers.22/conv/Slice_1,Slice,vaiml_par_0,Supported
/lm/layers.22/conv/Slice_2,Slice,vaiml_par_0,Supported
/lm/layers.22/conv/Slice_3,Slice,vaiml_par_0,Supported
/lm/layers.22/conv/Transpose,Transpose,vaiml_par_0,Supported
/lm/layers.22/conv/Transpose_1,Transpose,vaiml_par_0,Supported
/lm/layers.22/conv/in_proj/MatMul,MatMul,vaiml_par_0,Supported
/lm/layers.22/conv/out_proj/MatMul,MatMul,vaiml_par_0,Supported
/lm/layers.22/feed_forward/Mul,Mul,vaiml_par_0,Supported
/lm/layers.22/feed_forward/Mul_1,Mul,vaiml_par_0,Supported
/lm/layers.22/feed_forward/Sigmoid,Sigmoid,vaiml_par_0,Supported
/lm/layers.22/feed_forward/w1/MatMul,MatMul,vaiml_par_0,Supported
/lm/layers.22/feed_forward/w2/MatMul,MatMul,vaiml_par_0,Supported
/lm/layers.22/feed_forward/w3/MatMul,MatMul,vaiml_par_0,Supported
/lm/layers.22/ffn_norm/Add,Add,vaiml_par_0,Supported
/lm/layers.22/ffn_norm/Div,Div,vaiml_par_0,Supported
/lm/layers.22/ffn_norm/Mul_1,Mul,vaiml_par_0,Supported
/lm/layers.22/ffn_norm/Pow,Pow,vaiml_par_0,Supported
/lm/layers.22/ffn_norm/ReduceMean,ReduceMean,vaiml_par_0,Supported
/lm/layers.22/ffn_norm/Sqrt,Sqrt,vaiml_par_0,Supported
/lm/layers.22/operator_norm/Add,Add,vaiml_par_0,Supported
/lm/layers.22/operator_norm/Div,Div,vaiml_par_0,Supported
/lm/layers.22/operator_norm/Mul_1,Mul,vaiml_par_0,Supported
/lm/layers.22/operator_norm/Pow,Pow,vaiml_par_0,Supported
/lm/layers.22/operator_norm/ReduceMean,ReduceMean,vaiml_par_0,Supported
/lm/layers.22/operator_norm/Sqrt,Sqrt,vaiml_par_0,Supported
/lm/layers.23/Add,Add,vaiml_par_0,Supported
/lm/layers.23/Add_1,Add,vaiml_par_0,Supported
/lm/layers.23/conv/Conv,Conv,vaiml_par_0,Supported
/lm/layers.23/conv/Mul,Mul,vaiml_par_0,Supported
/lm/layers.23/conv/Mul_4,Mul,vaiml_par_0,Supported
/lm/layers.23/conv/Mul_5,Mul,vaiml_par_0,Supported
/lm/layers.23/conv/Slice,Slice,vaiml_par_0,Supported
/lm/layers.23/conv/Slice_1,Slice,vaiml_par_0,Supported
/lm/layers.23/conv/Slice_2,Slice,vaiml_par_0,Supported
/lm/layers.23/conv/Slice_3,Slice,vaiml_par_0,Supported
/lm/layers.23/conv/Transpose,Transpose,vaiml_par_0,Supported
/lm/layers.23/conv/Transpose_1,Transpose,vaiml_par_0,Supported
/lm/layers.23/conv/in_proj/MatMul,MatMul,vaiml_par_0,Supported
/lm/layers.23/conv/out_proj/MatMul,MatMul,vaiml_par_0,Supported
/lm/layers.23/feed_forward/Mul,Mul,vaiml_par_0,Supported
/lm/layers.23/feed_forward/Mul_1,Mul,vaiml_par_0,Supported
/lm/layers.23/feed_forward/Sigmoid,Sigmoid,vaiml_par_0,Supported
/lm/layers.23/feed_forward/w1/MatMul,MatMul,vaiml_par_0,Supported
/lm/layers.23/feed_forward/w2/MatMul,MatMul,vaiml_par_0,Supported
/lm/layers.23/feed_forward/w3/MatMul,MatMul,vaiml_par_0,Supported
/lm/layers.23/ffn_norm/Add,Add,vaiml_par_0,Supported
/lm/layers.23/ffn_norm/Div,Div,vaiml_par_0,Supported
/lm/layers.23/ffn_norm/Mul_1,Mul,vaiml_par_0,Supported
/lm/layers.23/ffn_norm/Pow,Pow,vaiml_par_0,Supported
/lm/layers.23/ffn_norm/ReduceMean,ReduceMean,vaiml_par_0,Supported
/lm/layers.23/ffn_norm/Sqrt,Sqrt,vaiml_par_0,Supported
/lm/layers.23/operator_norm/Add,Add,vaiml_par_0,Supported
/lm/layers.23/operator_norm/Div,Div,vaiml_par_0,Supported
/lm/layers.23/operator_norm/Mul_1,Mul,vaiml_par_0,Supported
/lm/layers.23/operator_norm/Pow,Pow,vaiml_par_0,Supported
/lm/layers.23/operator_norm/ReduceMean,ReduceMean,vaiml_par_0,Supported
/lm/layers.23/operator_norm/Sqrt,Sqrt,vaiml_par_0,Supported
/lm/layers.24/Add,Add,vaiml_par_0,Supported
/lm/layers.24/Add_1,Add,vaiml_par_0,Supported
/lm/layers.24/feed_forward/Mul,Mul,vaiml_par_0,Supported
/lm/layers.24/feed_forward/Mul_1,Mul,vaiml_par_0,Supported
/lm/layers.24/feed_forward/Sigmoid,Sigmoid,vaiml_par_0,Supported
/lm/layers.24/feed_forward/w1/MatMul,MatMul,vaiml_par_0,Supported
/lm/layers.24/feed_forward/w2/MatMul,MatMul,vaiml_par_0,Supported
/lm/layers.24/feed_forward/w3/MatMul,MatMul,vaiml_par_0,Supported
/lm/layers.24/ffn_norm/Add,Add,vaiml_par_0,Supported
/lm/layers.24/ffn_norm/Div,Div,vaiml_par_0,Supported
/lm/layers.24/ffn_norm/Mul_1,Mul,vaiml_par_0,Supported
/lm/layers.24/ffn_norm/Pow,Pow,vaiml_par_0,Supported
/lm/layers.24/ffn_norm/ReduceMean,ReduceMean,vaiml_par_0,Supported
/lm/layers.24/ffn_norm/Sqrt,Sqrt,vaiml_par_0,Supported
/lm/layers.24/operator_norm/Add,Add,vaiml_par_0,Supported
/lm/layers.24/operator_norm/Div,Div,vaiml_par_0,Supported
/lm/layers.24/operator_norm/Mul_1,Mul,vaiml_par_0,Supported
/lm/layers.24/operator_norm/Pow,Pow,vaiml_par_0,Supported
/lm/layers.24/operator_norm/ReduceMean,ReduceMean,vaiml_par_0,Supported
/lm/layers.24/operator_norm/Sqrt,Sqrt,vaiml_par_0,Supported
/lm/layers.24/self_attn/Add,Add,vaiml_par_0,Supported
/lm/layers.24/self_attn/Add_1,Add,vaiml_par_0,Supported
/lm/layers.24/self_attn/Add_2,Add,vaiml_par_0,Supported
/lm/layers.24/self_attn/Concat,Concat,vaiml_par_0,Supported
/lm/layers.24/self_attn/Concat_1,Concat,vaiml_par_0,Supported
/lm/layers.24/self_attn/Expand,Expand,vaiml_par_0,Supported
/lm/layers.24/self_attn/Expand_1,Expand,vaiml_par_0,Supported
/lm/layers.24/self_attn/IsNaN,IsNaN,vaiml_par_0,Supported
/lm/layers.24/self_attn/MatMul,MatMul,vaiml_par_0,Supported
/lm/layers.24/self_attn/MatMul_1,MatMul,vaiml_par_0,Supported
/lm/layers.24/self_attn/Mul,Mul,vaiml_par_0,Supported
/lm/layers.24/self_attn/Mul_1,Mul,vaiml_par_0,Supported
/lm/layers.24/self_attn/Mul_2,Mul,vaiml_par_0,Supported
/lm/layers.24/self_attn/Mul_3,Mul,vaiml_par_0,Supported
/lm/layers.24/self_attn/Mul_6,Mul,vaiml_par_0,Supported
/lm/layers.24/self_attn/Mul_7,Mul,vaiml_par_0,Supported
/lm/layers.24/self_attn/Neg,Neg,vaiml_par_0,Supported
/lm/layers.24/self_attn/Neg_1,Neg,vaiml_par_0,Supported
/lm/layers.24/self_attn/Reshape,Reshape,vaiml_par_0,Supported
/lm/layers.24/self_attn/Reshape_1,Reshape,vaiml_par_0,Supported
/lm/layers.24/self_attn/Reshape_2,Reshape,vaiml_par_0,Supported
/lm/layers.24/self_attn/Reshape_3,Reshape,vaiml_par_0,Supported
/lm/layers.24/self_attn/Reshape_4,Reshape,vaiml_par_0,Supported
/lm/layers.24/self_attn/Reshape_5,Reshape,vaiml_par_0,Supported
/lm/layers.24/self_attn/Slice,Slice,vaiml_par_0,Supported
/lm/layers.24/self_attn/Slice_1,Slice,vaiml_par_0,Supported
/lm/layers.24/self_attn/Slice_2,Slice,vaiml_par_0,Supported
/lm/layers.24/self_attn/Slice_3,Slice,vaiml_par_0,Supported
/lm/layers.24/self_attn/Softmax,Softmax,vaiml_par_0,Supported
/lm/layers.24/self_attn/Transpose,Transpose,vaiml_par_0,Supported
/lm/layers.24/self_attn/Transpose_1,Transpose,vaiml_par_0,Supported
/lm/layers.24/self_attn/Transpose_2,Transpose,vaiml_par_0,Supported
/lm/layers.24/self_attn/Transpose_3,Transpose,vaiml_par_0,Supported
/lm/layers.24/self_attn/Transpose_4,Transpose,vaiml_par_0,Supported
/lm/layers.24/self_attn/Unsqueeze,Unsqueeze,vaiml_par_0,Supported
/lm/layers.24/self_attn/Unsqueeze_1,Unsqueeze,vaiml_par_0,Supported
/lm/layers.24/self_attn/Where_3,Where,vaiml_par_0,Supported
/lm/layers.24/self_attn/k_layernorm/Add,Add,vaiml_par_0,Supported
/lm/layers.24/self_attn/k_layernorm/Div,Div,vaiml_par_0,Supported
/lm/layers.24/self_attn/k_layernorm/Mul_1,Mul,vaiml_par_0,Supported
/lm/layers.24/self_attn/k_layernorm/Pow,Pow,vaiml_par_0,Supported
/lm/layers.24/self_attn/k_layernorm/ReduceMean,ReduceMean,vaiml_par_0,Supported
/lm/layers.24/self_attn/k_layernorm/Sqrt,Sqrt,vaiml_par_0,Supported
/lm/layers.24/self_attn/k_proj/MatMul,MatMul,vaiml_par_0,Supported
/lm/layers.24/self_attn/out_proj/MatMul,MatMul,vaiml_par_0,Supported
/lm/layers.24/self_attn/q_layernorm/Add,Add,vaiml_par_0,Supported
/lm/layers.24/self_attn/q_layernorm/Div,Div,vaiml_par_0,Supported
/lm/layers.24/self_attn/q_layernorm/Mul_1,Mul,vaiml_par_0,Supported
/lm/layers.24/self_attn/q_layernorm/Pow,Pow,vaiml_par_0,Supported
/lm/layers.24/self_attn/q_layernorm/ReduceMean,ReduceMean,vaiml_par_0,Supported
/lm/layers.24/self_attn/q_layernorm/Sqrt,Sqrt,vaiml_par_0,Supported
/lm/layers.24/self_attn/q_proj/MatMul,MatMul,vaiml_par_0,Supported
/lm/layers.24/self_attn/v_proj/MatMul,MatMul,vaiml_par_0,Supported
/lm/layers.25/Add,Add,vaiml_par_0,Supported
/lm/layers.25/Add_1,Add,vaiml_par_0,Supported
/lm/layers.25/conv/Conv,Conv,vaiml_par_0,Supported
/lm/layers.25/conv/Mul,Mul,vaiml_par_0,Supported
/lm/layers.25/conv/Mul_4,Mul,vaiml_par_0,Supported
/lm/layers.25/conv/Mul_5,Mul,vaiml_par_0,Supported
/lm/layers.25/conv/Slice,Slice,vaiml_par_0,Supported
/lm/layers.25/conv/Slice_1,Slice,vaiml_par_0,Supported
/lm/layers.25/conv/Slice_2,Slice,vaiml_par_0,Supported
/lm/layers.25/conv/Slice_3,Slice,vaiml_par_0,Supported
/lm/layers.25/conv/Transpose,Transpose,vaiml_par_0,Supported
/lm/layers.25/conv/Transpose_1,Transpose,vaiml_par_0,Supported
/lm/layers.25/conv/in_proj/MatMul,MatMul,vaiml_par_0,Supported
/lm/layers.25/conv/out_proj/MatMul,MatMul,vaiml_par_0,Supported
/lm/layers.25/feed_forward/Mul,Mul,vaiml_par_0,Supported
/lm/layers.25/feed_forward/Mul_1,Mul,vaiml_par_0,Supported
/lm/layers.25/feed_forward/Sigmoid,Sigmoid,vaiml_par_0,Supported
/lm/layers.25/feed_forward/w1/MatMul,MatMul,vaiml_par_0,Supported
/lm/layers.25/feed_forward/w2/MatMul,MatMul,vaiml_par_0,Supported
/lm/layers.25/feed_forward/w3/MatMul,MatMul,vaiml_par_0,Supported
/lm/layers.25/ffn_norm/Add,Add,vaiml_par_0,Supported
/lm/layers.25/ffn_norm/Div,Div,vaiml_par_0,Supported
/lm/layers.25/ffn_norm/Mul_1,Mul,vaiml_par_0,Supported
/lm/layers.25/ffn_norm/Pow,Pow,vaiml_par_0,Supported
/lm/layers.25/ffn_norm/ReduceMean,ReduceMean,vaiml_par_0,Supported
/lm/layers.25/ffn_norm/Sqrt,Sqrt,vaiml_par_0,Supported
/lm/layers.25/operator_norm/Add,Add,vaiml_par_0,Supported
/lm/layers.25/operator_norm/Div,Div,vaiml_par_0,Supported
/lm/layers.25/operator_norm/Mul_1,Mul,vaiml_par_0,Supported
/lm/layers.25/operator_norm/Pow,Pow,vaiml_par_0,Supported
/lm/layers.25/operator_norm/ReduceMean,ReduceMean,vaiml_par_0,Supported
/lm/layers.25/operator_norm/Sqrt,Sqrt,vaiml_par_0,Supported
/lm/layers.26/Add,Add,vaiml_par_0,Supported
/lm/layers.26/Add_1,Add,vaiml_par_0,Supported
/lm/layers.26/conv/Conv,Conv,vaiml_par_0,Supported
/lm/layers.26/conv/Mul,Mul,vaiml_par_0,Supported
/lm/layers.26/conv/Mul_4,Mul,vaiml_par_0,Supported
/lm/layers.26/conv/Mul_5,Mul,vaiml_par_0,Supported
/lm/layers.26/conv/Slice,Slice,vaiml_par_0,Supported
/lm/layers.26/conv/Slice_1,Slice,vaiml_par_0,Supported
/lm/layers.26/conv/Slice_2,Slice,vaiml_par_0,Supported
/lm/layers.26/conv/Slice_3,Slice,vaiml_par_0,Supported
/lm/layers.26/conv/Transpose,Transpose,vaiml_par_0,Supported
/lm/layers.26/conv/Transpose_1,Transpose,vaiml_par_0,Supported
/lm/layers.26/conv/in_proj/MatMul,MatMul,vaiml_par_0,Supported
/lm/layers.26/conv/out_proj/MatMul,MatMul,vaiml_par_0,Supported
/lm/layers.26/feed_forward/Mul,Mul,vaiml_par_0,Supported
/lm/layers.26/feed_forward/Mul_1,Mul,vaiml_par_0,Supported
/lm/layers.26/feed_forward/Sigmoid,Sigmoid,vaiml_par_0,Supported
/lm/layers.26/feed_forward/w1/MatMul,MatMul,vaiml_par_0,Supported
/lm/layers.26/feed_forward/w2/MatMul,MatMul,vaiml_par_0,Supported
/lm/layers.26/feed_forward/w3/MatMul,MatMul,vaiml_par_0,Supported
/lm/layers.26/ffn_norm/Add,Add,vaiml_par_0,Supported
/lm/layers.26/ffn_norm/Div,Div,vaiml_par_0,Supported
/lm/layers.26/ffn_norm/Mul_1,Mul,vaiml_par_0,Supported
/lm/layers.26/ffn_norm/Pow,Pow,vaiml_par_0,Supported
/lm/layers.26/ffn_norm/ReduceMean,ReduceMean,vaiml_par_0,Supported
/lm/layers.26/ffn_norm/Sqrt,Sqrt,vaiml_par_0,Supported
/lm/layers.26/operator_norm/Add,Add,vaiml_par_0,Supported
/lm/layers.26/operator_norm/Div,Div,vaiml_par_0,Supported
/lm/layers.26/operator_norm/Mul_1,Mul,vaiml_par_0,Supported
/lm/layers.26/operator_norm/Pow,Pow,vaiml_par_0,Supported
/lm/layers.26/operator_norm/ReduceMean,ReduceMean,vaiml_par_0,Supported
/lm/layers.26/operator_norm/Sqrt,Sqrt,vaiml_par_0,Supported
/lm/layers.27/Add,Add,vaiml_par_0,Supported
/lm/layers.27/Add_1,Add,vaiml_par_0,Supported
/lm/layers.27/feed_forward/Mul,Mul,vaiml_par_0,Supported
/lm/layers.27/feed_forward/Mul_1,Mul,vaiml_par_0,Supported
/lm/layers.27/feed_forward/Sigmoid,Sigmoid,vaiml_par_0,Supported
/lm/layers.27/feed_forward/w1/MatMul,MatMul,vaiml_par_0,Supported
/lm/layers.27/feed_forward/w2/MatMul,MatMul,vaiml_par_0,Supported
/lm/layers.27/feed_forward/w3/MatMul,MatMul,vaiml_par_0,Supported
/lm/layers.27/ffn_norm/Add,Add,vaiml_par_0,Supported
/lm/layers.27/ffn_norm/Div,Div,vaiml_par_0,Supported
/lm/layers.27/ffn_norm/Mul_1,Mul,vaiml_par_0,Supported
/lm/layers.27/ffn_norm/Pow,Pow,vaiml_par_0,Supported
/lm/layers.27/ffn_norm/ReduceMean,ReduceMean,vaiml_par_0,Supported
/lm/layers.27/ffn_norm/Sqrt,Sqrt,vaiml_par_0,Supported
/lm/layers.27/operator_norm/Add,Add,vaiml_par_0,Supported
/lm/layers.27/operator_norm/Div,Div,vaiml_par_0,Supported
/lm/layers.27/operator_norm/Mul_1,Mul,vaiml_par_0,Supported
/lm/layers.27/operator_norm/Pow,Pow,vaiml_par_0,Supported
/lm/layers.27/operator_norm/ReduceMean,ReduceMean,vaiml_par_0,Supported
/lm/layers.27/operator_norm/Sqrt,Sqrt,vaiml_par_0,Supported
/lm/layers.27/self_attn/Add,Add,vaiml_par_0,Supported
/lm/layers.27/self_attn/Add_1,Add,vaiml_par_0,Supported
/lm/layers.27/self_attn/Add_2,Add,vaiml_par_0,Supported
/lm/layers.27/self_attn/Concat,Concat,vaiml_par_0,Supported
/lm/layers.27/self_attn/Concat_1,Concat,vaiml_par_0,Supported
/lm/layers.27/self_attn/Expand,Expand,vaiml_par_0,Supported
/lm/layers.27/self_attn/Expand_1,Expand,vaiml_par_0,Supported
/lm/layers.27/self_attn/IsNaN,IsNaN,vaiml_par_0,Supported
/lm/layers.27/self_attn/MatMul,MatMul,vaiml_par_0,Supported
/lm/layers.27/self_attn/MatMul_1,MatMul,vaiml_par_0,Supported
/lm/layers.27/self_attn/Mul,Mul,vaiml_par_0,Supported
/lm/layers.27/self_attn/Mul_1,Mul,vaiml_par_0,Supported
/lm/layers.27/self_attn/Mul_2,Mul,vaiml_par_0,Supported
/lm/layers.27/self_attn/Mul_3,Mul,vaiml_par_0,Supported
/lm/layers.27/self_attn/Mul_6,Mul,vaiml_par_0,Supported
/lm/layers.27/self_attn/Mul_7,Mul,vaiml_par_0,Supported
/lm/layers.27/self_attn/Neg,Neg,vaiml_par_0,Supported
/lm/layers.27/self_attn/Neg_1,Neg,vaiml_par_0,Supported
/lm/layers.27/self_attn/Reshape,Reshape,vaiml_par_0,Supported
/lm/layers.27/self_attn/Reshape_1,Reshape,vaiml_par_0,Supported
/lm/layers.27/self_attn/Reshape_2,Reshape,vaiml_par_0,Supported
/lm/layers.27/self_attn/Reshape_3,Reshape,vaiml_par_0,Supported
/lm/layers.27/self_attn/Reshape_4,Reshape,vaiml_par_0,Supported
/lm/layers.27/self_attn/Reshape_5,Reshape,vaiml_par_0,Supported
/lm/layers.27/self_attn/Slice,Slice,vaiml_par_0,Supported
/lm/layers.27/self_attn/Slice_1,Slice,vaiml_par_0,Supported
/lm/layers.27/self_attn/Slice_2,Slice,vaiml_par_0,Supported
/lm/layers.27/self_attn/Slice_3,Slice,vaiml_par_0,Supported
/lm/layers.27/self_attn/Softmax,Softmax,vaiml_par_0,Supported
/lm/layers.27/self_attn/Transpose,Transpose,vaiml_par_0,Supported
/lm/layers.27/self_attn/Transpose_1,Transpose,vaiml_par_0,Supported
/lm/layers.27/self_attn/Transpose_2,Transpose,vaiml_par_0,Supported
/lm/layers.27/self_attn/Transpose_3,Transpose,vaiml_par_0,Supported
/lm/layers.27/self_attn/Transpose_4,Transpose,vaiml_par_0,Supported
/lm/layers.27/self_attn/Unsqueeze,Unsqueeze,vaiml_par_0,Supported
/lm/layers.27/self_attn/Unsqueeze_1,Unsqueeze,vaiml_par_0,Supported
/lm/layers.27/self_attn/Where_2,Where,vaiml_par_0,Supported
/lm/layers.27/self_attn/Where_3,Where,vaiml_par_0,Supported
/lm/layers.27/self_attn/k_layernorm/Add,Add,vaiml_par_0,Supported
/lm/layers.27/self_attn/k_layernorm/Div,Div,vaiml_par_0,Supported
/lm/layers.27/self_attn/k_layernorm/Mul_1,Mul,vaiml_par_0,Supported
/lm/layers.27/self_attn/k_layernorm/Pow,Pow,vaiml_par_0,Supported
/lm/layers.27/self_attn/k_layernorm/ReduceMean,ReduceMean,vaiml_par_0,Supported
/lm/layers.27/self_attn/k_layernorm/Sqrt,Sqrt,vaiml_par_0,Supported
/lm/layers.27/self_attn/k_proj/MatMul,MatMul,vaiml_par_0,Supported
/lm/layers.27/self_attn/out_proj/MatMul,MatMul,vaiml_par_0,Supported
/lm/layers.27/self_attn/q_layernorm/Add,Add,vaiml_par_0,Supported
/lm/layers.27/self_attn/q_layernorm/Div,Div,vaiml_par_0,Supported
/lm/layers.27/self_attn/q_layernorm/Mul_1,Mul,vaiml_par_0,Supported
/lm/layers.27/self_attn/q_layernorm/Pow,Pow,vaiml_par_0,Supported
/lm/layers.27/self_attn/q_layernorm/ReduceMean,ReduceMean,vaiml_par_0,Supported
/lm/layers.27/self_attn/q_layernorm/Sqrt,Sqrt,vaiml_par_0,Supported
/lm/layers.27/self_attn/q_proj/MatMul,MatMul,vaiml_par_0,Supported
/lm/layers.27/self_attn/v_proj/MatMul,MatMul,vaiml_par_0,Supported
/lm/layers.28/Add,Add,vaiml_par_0,Supported
/lm/layers.28/Add_1,Add,vaiml_par_0,Supported
/lm/layers.28/conv/Conv,Conv,vaiml_par_0,Supported
/lm/layers.28/conv/Mul,Mul,vaiml_par_0,Supported
/lm/layers.28/conv/Mul_4,Mul,vaiml_par_0,Supported
/lm/layers.28/conv/Mul_5,Mul,vaiml_par_0,Supported
/lm/layers.28/conv/Slice,Slice,vaiml_par_0,Supported
/lm/layers.28/conv/Slice_1,Slice,vaiml_par_0,Supported
/lm/layers.28/conv/Slice_2,Slice,vaiml_par_0,Supported
/lm/layers.28/conv/Slice_3,Slice,vaiml_par_0,Supported
/lm/layers.28/conv/Transpose,Transpose,vaiml_par_0,Supported
/lm/layers.28/conv/Transpose_1,Transpose,vaiml_par_0,Supported
/lm/layers.28/conv/in_proj/MatMul,MatMul,vaiml_par_0,Supported
/lm/layers.28/conv/out_proj/MatMul,MatMul,vaiml_par_0,Supported
/lm/layers.28/feed_forward/Mul,Mul,vaiml_par_0,Supported
/lm/layers.28/feed_forward/Mul_1,Mul,vaiml_par_0,Supported
/lm/layers.28/feed_forward/Sigmoid,Sigmoid,vaiml_par_0,Supported
/lm/layers.28/feed_forward/w1/MatMul,MatMul,vaiml_par_0,Supported
/lm/layers.28/feed_forward/w2/MatMul,MatMul,vaiml_par_0,Supported
/lm/layers.28/feed_forward/w3/MatMul,MatMul,vaiml_par_0,Supported
/lm/layers.28/ffn_norm/Add,Add,vaiml_par_0,Supported
/lm/layers.28/ffn_norm/Div,Div,vaiml_par_0,Supported
/lm/layers.28/ffn_norm/Mul_1,Mul,vaiml_par_0,Supported
/lm/layers.28/ffn_norm/Pow,Pow,vaiml_par_0,Supported
/lm/layers.28/ffn_norm/ReduceMean,ReduceMean,vaiml_par_0,Supported
/lm/layers.28/ffn_norm/Sqrt,Sqrt,vaiml_par_0,Supported
/lm/layers.28/operator_norm/Add,Add,vaiml_par_0,Supported
/lm/layers.28/operator_norm/Div,Div,vaiml_par_0,Supported
/lm/layers.28/operator_norm/Mul_1,Mul,vaiml_par_0,Supported
/lm/layers.28/operator_norm/Pow,Pow,vaiml_par_0,Supported
/lm/layers.28/operator_norm/ReduceMean,ReduceMean,vaiml_par_0,Supported
/lm/layers.28/operator_norm/Sqrt,Sqrt,vaiml_par_0,Supported
/lm/layers.29/Add,Add,vaiml_par_0,Supported
/lm/layers.29/Add_1,Add,vaiml_par_0,Supported
/lm/layers.29/conv/Cast,Cast,,Not supported. Check aie_unsupported_original_ops.
/lm/layers.29/conv/Conv,Conv,vaiml_par_0,Supported
/lm/layers.29/conv/Mul,Mul,vaiml_par_0,Supported
/lm/layers.29/conv/Mul_4,Mul,vaiml_par_0,Supported
/lm/layers.29/conv/Mul_5,Mul,vaiml_par_0,Supported
/lm/layers.29/conv/Slice,Slice,vaiml_par_0,Supported
/lm/layers.29/conv/Slice_1,Slice,vaiml_par_0,Supported
/lm/layers.29/conv/Slice_2,Slice,vaiml_par_0,Supported
/lm/layers.29/conv/Slice_3,Slice,vaiml_par_0,Supported
/lm/layers.29/conv/Transpose,Transpose,vaiml_par_0,Supported
/lm/layers.29/conv/Transpose_1,Transpose,vaiml_par_0,Supported
/lm/layers.29/conv/in_proj/MatMul,MatMul,vaiml_par_0,Supported
/lm/layers.29/conv/out_proj/MatMul,MatMul,vaiml_par_0,Supported
/lm/layers.29/feed_forward/Mul,Mul,vaiml_par_0,Supported
/lm/layers.29/feed_forward/Mul_1,Mul,vaiml_par_0,Supported
/lm/layers.29/feed_forward/Sigmoid,Sigmoid,vaiml_par_0,Supported
/lm/layers.29/feed_forward/w1/MatMul,MatMul,vaiml_par_0,Supported
/lm/layers.29/feed_forward/w2/MatMul,MatMul,vaiml_par_0,Supported
/lm/layers.29/feed_forward/w3/MatMul,MatMul,vaiml_par_0,Supported
/lm/layers.29/ffn_norm/Add,Add,vaiml_par_0,Supported
/lm/layers.29/ffn_norm/Div,Div,vaiml_par_0,Supported
/lm/layers.29/ffn_norm/Mul_1,Mul,vaiml_par_0,Supported
/lm/layers.29/ffn_norm/Pow,Pow,vaiml_par_0,Supported
/lm/layers.29/ffn_norm/ReduceMean,ReduceMean,vaiml_par_0,Supported
/lm/layers.29/ffn_norm/Sqrt,Sqrt,vaiml_par_0,Supported
/lm/layers.29/operator_norm/Add,Add,vaiml_par_0,Supported
/lm/layers.29/operator_norm/Div,Div,vaiml_par_0,Supported
/lm/layers.29/operator_norm/Mul_1,Mul,vaiml_par_0,Supported
/lm/layers.29/operator_norm/Pow,Pow,vaiml_par_0,Supported
/lm/layers.29/operator_norm/ReduceMean,ReduceMean,vaiml_par_0,Supported
/lm/layers.29/operator_norm/Sqrt,Sqrt,vaiml_par_0,Supported
/lm/layers.3/Add,Add,vaiml_par_0,Supported
/lm/layers.3/Add_1,Add,vaiml_par_0,Supported
/lm/layers.3/conv/Conv,Conv,vaiml_par_0,Supported
/lm/layers.3/conv/Mul,Mul,vaiml_par_0,Supported
/lm/layers.3/conv/Mul_4,Mul,vaiml_par_0,Supported
/lm/layers.3/conv/Mul_5,Mul,vaiml_par_0,Supported
/lm/layers.3/conv/Slice,Slice,vaiml_par_0,Supported
/lm/layers.3/conv/Slice_1,Slice,vaiml_par_0,Supported
/lm/layers.3/conv/Slice_2,Slice,vaiml_par_0,Supported
/lm/layers.3/conv/Slice_3,Slice,vaiml_par_0,Supported
/lm/layers.3/conv/Transpose,Transpose,vaiml_par_0,Supported
/lm/layers.3/conv/Transpose_1,Transpose,vaiml_par_0,Supported
/lm/layers.3/conv/in_proj/MatMul,MatMul,vaiml_par_0,Supported
/lm/layers.3/conv/out_proj/MatMul,MatMul,vaiml_par_0,Supported
/lm/layers.3/feed_forward/Mul,Mul,vaiml_par_0,Supported
/lm/layers.3/feed_forward/Mul_1,Mul,vaiml_par_0,Supported
/lm/layers.3/feed_forward/Sigmoid,Sigmoid,vaiml_par_0,Supported
/lm/layers.3/feed_forward/w1/MatMul,MatMul,vaiml_par_0,Supported
/lm/layers.3/feed_forward/w2/MatMul,MatMul,vaiml_par_0,Supported
/lm/layers.3/feed_forward/w3/MatMul,MatMul,vaiml_par_0,Supported
/lm/layers.3/ffn_norm/Add,Add,vaiml_par_0,Supported
/lm/layers.3/ffn_norm/Div,Div,vaiml_par_0,Supported
/lm/layers.3/ffn_norm/Mul_1,Mul,vaiml_par_0,Supported
/lm/layers.3/ffn_norm/Pow,Pow,vaiml_par_0,Supported
/lm/layers.3/ffn_norm/ReduceMean,ReduceMean,vaiml_par_0,Supported
/lm/layers.3/ffn_norm/Sqrt,Sqrt,vaiml_par_0,Supported
/lm/layers.3/operator_norm/Add,Add,vaiml_par_0,Supported
/lm/layers.3/operator_norm/Div,Div,vaiml_par_0,Supported
/lm/layers.3/operator_norm/Mul_1,Mul,vaiml_par_0,Supported
/lm/layers.3/operator_norm/Pow,Pow,vaiml_par_0,Supported
/lm/layers.3/operator_norm/ReduceMean,ReduceMean,vaiml_par_0,Supported
/lm/layers.3/operator_norm/Sqrt,Sqrt,vaiml_par_0,Supported
/lm/layers.4/Add,Add,vaiml_par_0,Supported
/lm/layers.4/Add_1,Add,vaiml_par_0,Supported
/lm/layers.4/conv/Conv,Conv,vaiml_par_0,Supported
/lm/layers.4/conv/Mul,Mul,vaiml_par_0,Supported
/lm/layers.4/conv/Mul_4,Mul,vaiml_par_0,Supported
/lm/layers.4/conv/Mul_5,Mul,vaiml_par_0,Supported
/lm/layers.4/conv/Slice,Slice,vaiml_par_0,Supported
/lm/layers.4/conv/Slice_1,Slice,vaiml_par_0,Supported
/lm/layers.4/conv/Slice_2,Slice,vaiml_par_0,Supported
/lm/layers.4/conv/Slice_3,Slice,vaiml_par_0,Supported
/lm/layers.4/conv/Transpose,Transpose,vaiml_par_0,Supported
/lm/layers.4/conv/Transpose_1,Transpose,vaiml_par_0,Supported
/lm/layers.4/conv/in_proj/MatMul,MatMul,vaiml_par_0,Supported
/lm/layers.4/conv/out_proj/MatMul,MatMul,vaiml_par_0,Supported
/lm/layers.4/feed_forward/Mul,Mul,vaiml_par_0,Supported
/lm/layers.4/feed_forward/Mul_1,Mul,vaiml_par_0,Supported
/lm/layers.4/feed_forward/Sigmoid,Sigmoid,vaiml_par_0,Supported
/lm/layers.4/feed_forward/w1/MatMul,MatMul,vaiml_par_0,Supported
/lm/layers.4/feed_forward/w2/MatMul,MatMul,vaiml_par_0,Supported
/lm/layers.4/feed_forward/w3/MatMul,MatMul,vaiml_par_0,Supported
/lm/layers.4/ffn_norm/Add,Add,vaiml_par_0,Supported
/lm/layers.4/ffn_norm/Div,Div,vaiml_par_0,Supported
/lm/layers.4/ffn_norm/Mul_1,Mul,vaiml_par_0,Supported
/lm/layers.4/ffn_norm/Pow,Pow,vaiml_par_0,Supported
/lm/layers.4/ffn_norm/ReduceMean,ReduceMean,vaiml_par_0,Supported
/lm/layers.4/ffn_norm/Sqrt,Sqrt,vaiml_par_0,Supported
/lm/layers.4/operator_norm/Add,Add,vaiml_par_0,Supported
/lm/layers.4/operator_norm/Div,Div,vaiml_par_0,Supported
/lm/layers.4/operator_norm/Mul_1,Mul,vaiml_par_0,Supported
/lm/layers.4/operator_norm/Pow,Pow,vaiml_par_0,Supported
/lm/layers.4/operator_norm/ReduceMean,ReduceMean,vaiml_par_0,Supported
/lm/layers.4/operator_norm/Sqrt,Sqrt,vaiml_par_0,Supported
/lm/layers.5/Add,Add,vaiml_par_0,Supported
/lm/layers.5/Add_1,Add,vaiml_par_0,Supported
/lm/layers.5/feed_forward/Mul,Mul,vaiml_par_0,Supported
/lm/layers.5/feed_forward/Mul_1,Mul,vaiml_par_0,Supported
/lm/layers.5/feed_forward/Sigmoid,Sigmoid,vaiml_par_0,Supported
/lm/layers.5/feed_forward/w1/MatMul,MatMul,vaiml_par_0,Supported
/lm/layers.5/feed_forward/w2/MatMul,MatMul,vaiml_par_0,Supported
/lm/layers.5/feed_forward/w3/MatMul,MatMul,vaiml_par_0,Supported
/lm/layers.5/ffn_norm/Add,Add,vaiml_par_0,Supported
/lm/layers.5/ffn_norm/Div,Div,vaiml_par_0,Supported
/lm/layers.5/ffn_norm/Mul_1,Mul,vaiml_par_0,Supported
/lm/layers.5/ffn_norm/Pow,Pow,vaiml_par_0,Supported
/lm/layers.5/ffn_norm/ReduceMean,ReduceMean,vaiml_par_0,Supported
/lm/layers.5/ffn_norm/Sqrt,Sqrt,vaiml_par_0,Supported
/lm/layers.5/operator_norm/Add,Add,vaiml_par_0,Supported
/lm/layers.5/operator_norm/Div,Div,vaiml_par_0,Supported
/lm/layers.5/operator_norm/Mul_1,Mul,vaiml_par_0,Supported
/lm/layers.5/operator_norm/Pow,Pow,vaiml_par_0,Supported
/lm/layers.5/operator_norm/ReduceMean,ReduceMean,vaiml_par_0,Supported
/lm/layers.5/operator_norm/Sqrt,Sqrt,vaiml_par_0,Supported
/lm/layers.5/self_attn/Add,Add,vaiml_par_0,Supported
/lm/layers.5/self_attn/Add_1,Add,vaiml_par_0,Supported
/lm/layers.5/self_attn/Add_2,Add,vaiml_par_0,Supported
/lm/layers.5/self_attn/Concat,Concat,vaiml_par_0,Supported
/lm/layers.5/self_attn/Concat_1,Concat,vaiml_par_0,Supported
/lm/layers.5/self_attn/Expand,Expand,vaiml_par_0,Supported
/lm/layers.5/self_attn/Expand_1,Expand,vaiml_par_0,Supported
/lm/layers.5/self_attn/IsNaN,IsNaN,vaiml_par_0,Supported
/lm/layers.5/self_attn/MatMul,MatMul,vaiml_par_0,Supported
/lm/layers.5/self_attn/MatMul_1,MatMul,vaiml_par_0,Supported
/lm/layers.5/self_attn/Mul,Mul,vaiml_par_0,Supported
/lm/layers.5/self_attn/Mul_1,Mul,vaiml_par_0,Supported
/lm/layers.5/self_attn/Mul_2,Mul,vaiml_par_0,Supported
/lm/layers.5/self_attn/Mul_3,Mul,vaiml_par_0,Supported
/lm/layers.5/self_attn/Mul_6,Mul,vaiml_par_0,Supported
/lm/layers.5/self_attn/Mul_7,Mul,vaiml_par_0,Supported
/lm/layers.5/self_attn/Neg,Neg,vaiml_par_0,Supported
/lm/layers.5/self_attn/Neg_1,Neg,vaiml_par_0,Supported
/lm/layers.5/self_attn/Reshape,Reshape,vaiml_par_0,Supported
/lm/layers.5/self_attn/Reshape_1,Reshape,vaiml_par_0,Supported
/lm/layers.5/self_attn/Reshape_2,Reshape,vaiml_par_0,Supported
/lm/layers.5/self_attn/Reshape_3,Reshape,vaiml_par_0,Supported
/lm/layers.5/self_attn/Reshape_4,Reshape,vaiml_par_0,Supported
/lm/layers.5/self_attn/Reshape_5,Reshape,vaiml_par_0,Supported
/lm/layers.5/self_attn/Slice,Slice,vaiml_par_0,Supported
/lm/layers.5/self_attn/Slice_1,Slice,vaiml_par_0,Supported
/lm/layers.5/self_attn/Slice_2,Slice,vaiml_par_0,Supported
/lm/layers.5/self_attn/Slice_3,Slice,vaiml_par_0,Supported
/lm/layers.5/self_attn/Softmax,Softmax,vaiml_par_0,Supported
/lm/layers.5/self_attn/Transpose,Transpose,vaiml_par_0,Supported
/lm/layers.5/self_attn/Transpose_1,Transpose,vaiml_par_0,Supported
/lm/layers.5/self_attn/Transpose_2,Transpose,vaiml_par_0,Supported
/lm/layers.5/self_attn/Transpose_3,Transpose,vaiml_par_0,Supported
/lm/layers.5/self_attn/Transpose_4,Transpose,vaiml_par_0,Supported
/lm/layers.5/self_attn/Unsqueeze,Unsqueeze,vaiml_par_0,Supported
/lm/layers.5/self_attn/Unsqueeze_1,Unsqueeze,vaiml_par_0,Supported
/lm/layers.5/self_attn/Where_3,Where,vaiml_par_0,Supported
/lm/layers.5/self_attn/k_layernorm/Add,Add,vaiml_par_0,Supported
/lm/layers.5/self_attn/k_layernorm/Div,Div,vaiml_par_0,Supported
/lm/layers.5/self_attn/k_layernorm/Mul_1,Mul,vaiml_par_0,Supported
/lm/layers.5/self_attn/k_layernorm/Pow,Pow,vaiml_par_0,Supported
/lm/layers.5/self_attn/k_layernorm/ReduceMean,ReduceMean,vaiml_par_0,Supported
/lm/layers.5/self_attn/k_layernorm/Sqrt,Sqrt,vaiml_par_0,Supported
/lm/layers.5/self_attn/k_proj/MatMul,MatMul,vaiml_par_0,Supported
/lm/layers.5/self_attn/out_proj/MatMul,MatMul,vaiml_par_0,Supported
/lm/layers.5/self_attn/q_layernorm/Add,Add,vaiml_par_0,Supported
/lm/layers.5/self_attn/q_layernorm/Div,Div,vaiml_par_0,Supported
/lm/layers.5/self_attn/q_layernorm/Mul_1,Mul,vaiml_par_0,Supported
/lm/layers.5/self_attn/q_layernorm/Pow,Pow,vaiml_par_0,Supported
/lm/layers.5/self_attn/q_layernorm/ReduceMean,ReduceMean,vaiml_par_0,Supported
/lm/layers.5/self_attn/q_layernorm/Sqrt,Sqrt,vaiml_par_0,Supported
/lm/layers.5/self_attn/q_proj/MatMul,MatMul,vaiml_par_0,Supported
/lm/layers.5/self_attn/v_proj/MatMul,MatMul,vaiml_par_0,Supported
/lm/layers.6/Add,Add,vaiml_par_0,Supported
/lm/layers.6/Add_1,Add,vaiml_par_0,Supported
/lm/layers.6/conv/Conv,Conv,vaiml_par_0,Supported
/lm/layers.6/conv/Mul,Mul,vaiml_par_0,Supported
/lm/layers.6/conv/Mul_4,Mul,vaiml_par_0,Supported
/lm/layers.6/conv/Mul_5,Mul,vaiml_par_0,Supported
/lm/layers.6/conv/Slice,Slice,vaiml_par_0,Supported
/lm/layers.6/conv/Slice_1,Slice,vaiml_par_0,Supported
/lm/layers.6/conv/Slice_2,Slice,vaiml_par_0,Supported
/lm/layers.6/conv/Slice_3,Slice,vaiml_par_0,Supported
/lm/layers.6/conv/Transpose,Transpose,vaiml_par_0,Supported
/lm/layers.6/conv/Transpose_1,Transpose,vaiml_par_0,Supported
/lm/layers.6/conv/in_proj/MatMul,MatMul,vaiml_par_0,Supported
/lm/layers.6/conv/out_proj/MatMul,MatMul,vaiml_par_0,Supported
/lm/layers.6/feed_forward/Mul,Mul,vaiml_par_0,Supported
/lm/layers.6/feed_forward/Mul_1,Mul,vaiml_par_0,Supported
/lm/layers.6/feed_forward/Sigmoid,Sigmoid,vaiml_par_0,Supported
/lm/layers.6/feed_forward/w1/MatMul,MatMul,vaiml_par_0,Supported
/lm/layers.6/feed_forward/w2/MatMul,MatMul,vaiml_par_0,Supported
/lm/layers.6/feed_forward/w3/MatMul,MatMul,vaiml_par_0,Supported
/lm/layers.6/ffn_norm/Add,Add,vaiml_par_0,Supported
/lm/layers.6/ffn_norm/Div,Div,vaiml_par_0,Supported
/lm/layers.6/ffn_norm/Mul_1,Mul,vaiml_par_0,Supported
/lm/layers.6/ffn_norm/Pow,Pow,vaiml_par_0,Supported
/lm/layers.6/ffn_norm/ReduceMean,ReduceMean,vaiml_par_0,Supported
/lm/layers.6/ffn_norm/Sqrt,Sqrt,vaiml_par_0,Supported
/lm/layers.6/operator_norm/Add,Add,vaiml_par_0,Supported
/lm/layers.6/operator_norm/Div,Div,vaiml_par_0,Supported
/lm/layers.6/operator_norm/Mul_1,Mul,vaiml_par_0,Supported
/lm/layers.6/operator_norm/Pow,Pow,vaiml_par_0,Supported
/lm/layers.6/operator_norm/ReduceMean,ReduceMean,vaiml_par_0,Supported
/lm/layers.6/operator_norm/Sqrt,Sqrt,vaiml_par_0,Supported
/lm/layers.7/Add,Add,vaiml_par_0,Supported
/lm/layers.7/Add_1,Add,vaiml_par_0,Supported
/lm/layers.7/conv/Conv,Conv,vaiml_par_0,Supported
/lm/layers.7/conv/Mul,Mul,vaiml_par_0,Supported
/lm/layers.7/conv/Mul_4,Mul,vaiml_par_0,Supported
/lm/layers.7/conv/Mul_5,Mul,vaiml_par_0,Supported
/lm/layers.7/conv/Slice,Slice,vaiml_par_0,Supported
/lm/layers.7/conv/Slice_1,Slice,vaiml_par_0,Supported
/lm/layers.7/conv/Slice_2,Slice,vaiml_par_0,Supported
/lm/layers.7/conv/Slice_3,Slice,vaiml_par_0,Supported
/lm/layers.7/conv/Transpose,Transpose,vaiml_par_0,Supported
/lm/layers.7/conv/Transpose_1,Transpose,vaiml_par_0,Supported
/lm/layers.7/conv/in_proj/MatMul,MatMul,vaiml_par_0,Supported
/lm/layers.7/conv/out_proj/MatMul,MatMul,vaiml_par_0,Supported
/lm/layers.7/feed_forward/Mul,Mul,vaiml_par_0,Supported
/lm/layers.7/feed_forward/Mul_1,Mul,vaiml_par_0,Supported
/lm/layers.7/feed_forward/Sigmoid,Sigmoid,vaiml_par_0,Supported
/lm/layers.7/feed_forward/w1/MatMul,MatMul,vaiml_par_0,Supported
/lm/layers.7/feed_forward/w2/MatMul,MatMul,vaiml_par_0,Supported
/lm/layers.7/feed_forward/w3/MatMul,MatMul,vaiml_par_0,Supported
/lm/layers.7/ffn_norm/Add,Add,vaiml_par_0,Supported
/lm/layers.7/ffn_norm/Div,Div,vaiml_par_0,Supported
/lm/layers.7/ffn_norm/Mul_1,Mul,vaiml_par_0,Supported
/lm/layers.7/ffn_norm/Pow,Pow,vaiml_par_0,Supported
/lm/layers.7/ffn_norm/ReduceMean,ReduceMean,vaiml_par_0,Supported
/lm/layers.7/ffn_norm/Sqrt,Sqrt,vaiml_par_0,Supported
/lm/layers.7/operator_norm/Add,Add,vaiml_par_0,Supported
/lm/layers.7/operator_norm/Div,Div,vaiml_par_0,Supported
/lm/layers.7/operator_norm/Mul_1,Mul,vaiml_par_0,Supported
/lm/layers.7/operator_norm/Pow,Pow,vaiml_par_0,Supported
/lm/layers.7/operator_norm/ReduceMean,ReduceMean,vaiml_par_0,Supported
/lm/layers.7/operator_norm/Sqrt,Sqrt,vaiml_par_0,Supported
/lm/layers.8/Add,Add,vaiml_par_0,Supported
/lm/layers.8/Add_1,Add,vaiml_par_0,Supported
/lm/layers.8/conv/Conv,Conv,vaiml_par_0,Supported
/lm/layers.8/conv/Mul,Mul,vaiml_par_0,Supported
/lm/layers.8/conv/Mul_4,Mul,vaiml_par_0,Supported
/lm/layers.8/conv/Mul_5,Mul,vaiml_par_0,Supported
/lm/layers.8/conv/Slice,Slice,vaiml_par_0,Supported
/lm/layers.8/conv/Slice_1,Slice,vaiml_par_0,Supported
/lm/layers.8/conv/Slice_2,Slice,vaiml_par_0,Supported
/lm/layers.8/conv/Slice_3,Slice,vaiml_par_0,Supported
/lm/layers.8/conv/Transpose,Transpose,vaiml_par_0,Supported
/lm/layers.8/conv/Transpose_1,Transpose,vaiml_par_0,Supported
/lm/layers.8/conv/in_proj/MatMul,MatMul,vaiml_par_0,Supported
/lm/layers.8/conv/out_proj/MatMul,MatMul,vaiml_par_0,Supported
/lm/layers.8/feed_forward/Mul,Mul,vaiml_par_0,Supported
/lm/layers.8/feed_forward/Mul_1,Mul,vaiml_par_0,Supported
/lm/layers.8/feed_forward/Sigmoid,Sigmoid,vaiml_par_0,Supported
/lm/layers.8/feed_forward/w1/MatMul,MatMul,vaiml_par_0,Supported
/lm/layers.8/feed_forward/w2/MatMul,MatMul,vaiml_par_0,Supported
/lm/layers.8/feed_forward/w3/MatMul,MatMul,vaiml_par_0,Supported
/lm/layers.8/ffn_norm/Add,Add,vaiml_par_0,Supported
/lm/layers.8/ffn_norm/Div,Div,vaiml_par_0,Supported
/lm/layers.8/ffn_norm/Mul_1,Mul,vaiml_par_0,Supported
/lm/layers.8/ffn_norm/Pow,Pow,vaiml_par_0,Supported
/lm/layers.8/ffn_norm/ReduceMean,ReduceMean,vaiml_par_0,Supported
/lm/layers.8/ffn_norm/Sqrt,Sqrt,vaiml_par_0,Supported
/lm/layers.8/operator_norm/Add,Add,vaiml_par_0,Supported
/lm/layers.8/operator_norm/Div,Div,vaiml_par_0,Supported
/lm/layers.8/operator_norm/Mul_1,Mul,vaiml_par_0,Supported
/lm/layers.8/operator_norm/Pow,Pow,vaiml_par_0,Supported
/lm/layers.8/operator_norm/ReduceMean,ReduceMean,vaiml_par_0,Supported
/lm/layers.8/operator_norm/Sqrt,Sqrt,vaiml_par_0,Supported
/lm/layers.9/Add,Add,vaiml_par_0,Supported
/lm/layers.9/Add_1,Add,vaiml_par_0,Supported
/lm/layers.9/feed_forward/Mul,Mul,vaiml_par_0,Supported
/lm/layers.9/feed_forward/Mul_1,Mul,vaiml_par_0,Supported
/lm/layers.9/feed_forward/Sigmoid,Sigmoid,vaiml_par_0,Supported
/lm/layers.9/feed_forward/w1/MatMul,MatMul,vaiml_par_0,Supported
/lm/layers.9/feed_forward/w2/MatMul,MatMul,vaiml_par_0,Supported
/lm/layers.9/feed_forward/w3/MatMul,MatMul,vaiml_par_0,Supported
/lm/layers.9/ffn_norm/Add,Add,vaiml_par_0,Supported
/lm/layers.9/ffn_norm/Div,Div,vaiml_par_0,Supported
/lm/layers.9/ffn_norm/Mul_1,Mul,vaiml_par_0,Supported
/lm/layers.9/ffn_norm/Pow,Pow,vaiml_par_0,Supported
/lm/layers.9/ffn_norm/ReduceMean,ReduceMean,vaiml_par_0,Supported
/lm/layers.9/ffn_norm/Sqrt,Sqrt,vaiml_par_0,Supported
/lm/layers.9/operator_norm/Add,Add,vaiml_par_0,Supported
/lm/layers.9/operator_norm/Div,Div,vaiml_par_0,Supported
/lm/layers.9/operator_norm/Mul_1,Mul,vaiml_par_0,Supported
/lm/layers.9/operator_norm/Pow,Pow,vaiml_par_0,Supported
/lm/layers.9/operator_norm/ReduceMean,ReduceMean,vaiml_par_0,Supported
/lm/layers.9/operator_norm/Sqrt,Sqrt,vaiml_par_0,Supported
/lm/layers.9/self_attn/Add,Add,vaiml_par_0,Supported
/lm/layers.9/self_attn/Add_1,Add,vaiml_par_0,Supported
/lm/layers.9/self_attn/Add_2,Add,vaiml_par_0,Supported
/lm/layers.9/self_attn/Concat,Concat,vaiml_par_0,Supported
/lm/layers.9/self_attn/Concat_1,Concat,vaiml_par_0,Supported
/lm/layers.9/self_attn/Expand,Expand,vaiml_par_0,Supported
/lm/layers.9/self_attn/Expand_1,Expand,vaiml_par_0,Supported
/lm/layers.9/self_attn/IsNaN,IsNaN,vaiml_par_0,Supported
/lm/layers.9/self_attn/MatMul,MatMul,vaiml_par_0,Supported
/lm/layers.9/self_attn/MatMul_1,MatMul,vaiml_par_0,Supported
/lm/layers.9/self_attn/Mul,Mul,vaiml_par_0,Supported
/lm/layers.9/self_attn/Mul_1,Mul,vaiml_par_0,Supported
/lm/layers.9/self_attn/Mul_2,Mul,vaiml_par_0,Supported
/lm/layers.9/self_attn/Mul_3,Mul,vaiml_par_0,Supported
/lm/layers.9/self_attn/Mul_6,Mul,vaiml_par_0,Supported
/lm/layers.9/self_attn/Mul_7,Mul,vaiml_par_0,Supported
/lm/layers.9/self_attn/Neg,Neg,vaiml_par_0,Supported
/lm/layers.9/self_attn/Neg_1,Neg,vaiml_par_0,Supported
/lm/layers.9/self_attn/Reshape,Reshape,vaiml_par_0,Supported
/lm/layers.9/self_attn/Reshape_1,Reshape,vaiml_par_0,Supported
/lm/layers.9/self_attn/Reshape_2,Reshape,vaiml_par_0,Supported
/lm/layers.9/self_attn/Reshape_3,Reshape,vaiml_par_0,Supported
/lm/layers.9/self_attn/Reshape_4,Reshape,vaiml_par_0,Supported
/lm/layers.9/self_attn/Reshape_5,Reshape,vaiml_par_0,Supported
/lm/layers.9/self_attn/Slice,Slice,vaiml_par_0,Supported
/lm/layers.9/self_attn/Slice_1,Slice,vaiml_par_0,Supported
/lm/layers.9/self_attn/Slice_2,Slice,vaiml_par_0,Supported
/lm/layers.9/self_attn/Slice_3,Slice,vaiml_par_0,Supported
/lm/layers.9/self_attn/Softmax,Softmax,vaiml_par_0,Supported
/lm/layers.9/self_attn/Transpose,Transpose,vaiml_par_0,Supported
/lm/layers.9/self_attn/Transpose_1,Transpose,vaiml_par_0,Supported
/lm/layers.9/self_attn/Transpose_2,Transpose,vaiml_par_0,Supported
/lm/layers.9/self_attn/Transpose_3,Transpose,vaiml_par_0,Supported
/lm/layers.9/self_attn/Transpose_4,Transpose,vaiml_par_0,Supported
/lm/layers.9/self_attn/Unsqueeze,Unsqueeze,vaiml_par_0,Supported
/lm/layers.9/self_attn/Unsqueeze_1,Unsqueeze,vaiml_par_0,Supported
/lm/layers.9/self_attn/Where_3,Where,vaiml_par_0,Supported
/lm/layers.9/self_attn/k_layernorm/Add,Add,vaiml_par_0,Supported
/lm/layers.9/self_attn/k_layernorm/Div,Div,vaiml_par_0,Supported
/lm/layers.9/self_attn/k_layernorm/Mul_1,Mul,vaiml_par_0,Supported
/lm/layers.9/self_attn/k_layernorm/Pow,Pow,vaiml_par_0,Supported
/lm/layers.9/self_attn/k_layernorm/ReduceMean,ReduceMean,vaiml_par_0,Supported
/lm/layers.9/self_attn/k_layernorm/Sqrt,Sqrt,vaiml_par_0,Supported
/lm/layers.9/self_attn/k_proj/MatMul,MatMul,vaiml_par_0,Supported
/lm/layers.9/self_attn/out_proj/MatMul,MatMul,vaiml_par_0,Supported
/lm/layers.9/self_attn/q_layernorm/Add,Add,vaiml_par_0,Supported
/lm/layers.9/self_attn/q_layernorm/Div,Div,vaiml_par_0,Supported
/lm/layers.9/self_attn/q_layernorm/Mul_1,Mul,vaiml_par_0,Supported
/lm/layers.9/self_attn/q_layernorm/Pow,Pow,vaiml_par_0,Supported
/lm/layers.9/self_attn/q_layernorm/ReduceMean,ReduceMean,vaiml_par_0,Supported
/lm/layers.9/self_attn/q_layernorm/Sqrt,Sqrt,vaiml_par_0,Supported
/lm/layers.9/self_attn/q_proj/MatMul,MatMul,vaiml_par_0,Supported
/lm/layers.9/self_attn/v_proj/MatMul,MatMul,vaiml_par_0,Supported
/lm/rotary_emb/Cast,Cast,,Not supported. Check aie_unsupported_original_ops.
/lm/rotary_emb/Concat,Concat,vaiml_par_0,Supported
/lm/rotary_emb/Cos,Cos,vaiml_par_0,Supported
/lm/rotary_emb/Mul,Mul,vaiml_par_0,Supported
/lm/rotary_emb/Sin,Sin,vaiml_par_0,Supported
/lm/rotary_emb/Unsqueeze,Unsqueeze,,Not supported. Check aie_unsupported_original_ops.
=Reshape->answer_logits,Reshape,vaiml_par_0,Supported
=Reshape->d1_hidden_2d,Reshape,vaiml_par_0,Supported
Transpose,Transpose,vaiml_par_0,Supported
Transpose_token_1,Transpose,vaiml_par_0,Supported
Transpose_token_11,Transpose,vaiml_par_0,Supported
Transpose_token_13,Transpose,vaiml_par_0,Supported
Transpose_token_15,Transpose,vaiml_par_0,Supported
Transpose_token_17,Transpose,vaiml_par_0,Supported
Transpose_token_19,Transpose,vaiml_par_0,Supported
Transpose_token_21,Transpose,vaiml_par_0,Supported
Transpose_token_23,Transpose,vaiml_par_0,Supported
Transpose_token_25,Transpose,vaiml_par_0,Supported
Transpose_token_27,Transpose,vaiml_par_0,Supported
Transpose_token_29,Transpose,vaiml_par_0,Supported
Transpose_token_3,Transpose,vaiml_par_0,Supported
Transpose_token_31,Transpose,vaiml_par_0,Supported
Transpose_token_33,Transpose,vaiml_par_0,Supported
Transpose_token_35,Transpose,vaiml_par_0,Supported
Transpose_token_37,Transpose,vaiml_par_0,Supported
Transpose_token_39,Transpose,vaiml_par_0,Supported
Transpose_token_41,Transpose,vaiml_par_0,Supported
Transpose_token_5,Transpose,vaiml_par_0,Supported
Transpose_token_7,Transpose,vaiml_par_0,Supported
Transpose_token_9,Transpose,vaiml_par_0,Supported
