Node,OPs,Note
/Slice,4096
/head/MatMul_MatMul_quant,0
/head/MatMul_MatMul_quant_output_scale_mul,256000
/head/MatMul_MatMul_quant_scales_mul,2
/lm/And_1,32768
/lm/Cast,0
/lm/Flatten,256
/lm/Gather_1,256
/lm/Reshape_new_reshape,2
/lm/Slice,256
/lm/embed_tokens/Gather,524288
/lm/embedding_norm/Add,256
/lm/embedding_norm/Div,2097152
/lm/embedding_norm/Mul_1,524288
/lm/embedding_norm/Pow,16777216
/lm/embedding_norm/ReduceMean,524288
/lm/embedding_norm/Sqrt,6144
/lm/layers.0/Add,524288
/lm/layers.0/Add_1,524288
/lm/layers.0/conv/Cast,0
/lm/layers.0/conv/Conv,1597440
/lm/layers.0/conv/Mul,524288
/lm/layers.0/conv/Mul_4,524288
/lm/layers.0/conv/Mul_5,524288
/lm/layers.0/conv/Slice,524288
/lm/layers.0/conv/Slice_1,524288
/lm/layers.0/conv/Slice_2,524288
/lm/layers.0/conv/Slice_3,524288
/lm/layers.0/conv/Transpose,0
/lm/layers.0/conv/Transpose_1,0
/lm/layers.0/conv/Unsqueeze,256
/lm/layers.0/conv/in_proj/MatMul_2d_quant,0
/lm/layers.0/conv/in_proj/MatMul_2d_quant_output_scale_mul,1572864
/lm/layers.0/conv/in_proj/MatMul_2d_quant_scales_mul,2
/lm/layers.0/conv/out_proj/MatMul_2d_quant,0
/lm/layers.0/conv/out_proj/MatMul_2d_quant_output_scale_mul,524288
/lm/layers.0/conv/out_proj/MatMul_2d_quant_scales_mul,2
/lm/layers.0/feed_forward/Mul,2752512
/lm/layers.0/feed_forward/Mul_1,2752512
/lm/layers.0/feed_forward/Sigmoid,88080384
/lm/layers.0/feed_forward/w1/MatMul_2d_quant,0
/lm/layers.0/feed_forward/w1/MatMul_2d_quant_output_scale_mul,2752512
/lm/layers.0/feed_forward/w1/MatMul_2d_quant_scales_mul,2
/lm/layers.0/feed_forward/w2/MatMul_2d_quant,0
/lm/layers.0/feed_forward/w2/MatMul_2d_quant_output_scale_mul,524288
/lm/layers.0/feed_forward/w2/MatMul_2d_quant_scales_mul,2
/lm/layers.0/feed_forward/w3/MatMul_2d_quant,0
/lm/layers.0/feed_forward/w3/MatMul_2d_quant_output_scale_mul,2752512
/lm/layers.0/feed_forward/w3/MatMul_2d_quant_scales_mul,2
/lm/layers.0/ffn_norm/Add,256
/lm/layers.0/ffn_norm/Div,2097152
/lm/layers.0/ffn_norm/Mul_1,524288
/lm/layers.0/ffn_norm/Pow,16777216
/lm/layers.0/ffn_norm/ReduceMean,524288
/lm/layers.0/ffn_norm/Sqrt,6144
/lm/layers.0/operator_norm/Add,256
/lm/layers.0/operator_norm/Div,2097152
/lm/layers.0/operator_norm/Mul_1,524288
/lm/layers.0/operator_norm/Pow,16777216
/lm/layers.0/operator_norm/ReduceMean,524288
/lm/layers.0/operator_norm/Sqrt,6144
/lm/layers.1/Add,524288
/lm/layers.1/Add_1,524288
/lm/layers.1/conv/Conv,1597440
/lm/layers.1/conv/Mul,524288
/lm/layers.1/conv/Mul_4,524288
/lm/layers.1/conv/Mul_5,524288
/lm/layers.1/conv/Slice,524288
/lm/layers.1/conv/Slice_1,524288
/lm/layers.1/conv/Slice_2,524288
/lm/layers.1/conv/Slice_3,524288
/lm/layers.1/conv/Transpose,0
/lm/layers.1/conv/Transpose_1,0
/lm/layers.1/conv/in_proj/MatMul_2d_quant,0
/lm/layers.1/conv/in_proj/MatMul_2d_quant_output_scale_mul,1572864
/lm/layers.1/conv/in_proj/MatMul_2d_quant_scales_mul,2
/lm/layers.1/conv/out_proj/MatMul_2d_quant,0
/lm/layers.1/conv/out_proj/MatMul_2d_quant_output_scale_mul,524288
/lm/layers.1/conv/out_proj/MatMul_2d_quant_scales_mul,2
/lm/layers.1/feed_forward/Mul,2752512
/lm/layers.1/feed_forward/Mul_1,2752512
/lm/layers.1/feed_forward/Sigmoid,88080384
/lm/layers.1/feed_forward/w1/MatMul_2d_quant,0
/lm/layers.1/feed_forward/w1/MatMul_2d_quant_output_scale_mul,2752512
/lm/layers.1/feed_forward/w1/MatMul_2d_quant_scales_mul,2
/lm/layers.1/feed_forward/w2/MatMul_2d_quant,0
/lm/layers.1/feed_forward/w2/MatMul_2d_quant_output_scale_mul,524288
/lm/layers.1/feed_forward/w2/MatMul_2d_quant_scales_mul,2
/lm/layers.1/feed_forward/w3/MatMul_2d_quant,0
/lm/layers.1/feed_forward/w3/MatMul_2d_quant_output_scale_mul,2752512
/lm/layers.1/feed_forward/w3/MatMul_2d_quant_scales_mul,2
/lm/layers.1/ffn_norm/Add,256
/lm/layers.1/ffn_norm/Div,2097152
/lm/layers.1/ffn_norm/Mul_1,524288
/lm/layers.1/ffn_norm/Pow,16777216
/lm/layers.1/ffn_norm/ReduceMean,524288
/lm/layers.1/ffn_norm/Sqrt,6144
/lm/layers.1/operator_norm/Add,256
/lm/layers.1/operator_norm/Div,2097152
/lm/layers.1/operator_norm/Mul_1,524288
/lm/layers.1/operator_norm/Pow,16777216
/lm/layers.1/operator_norm/ReduceMean,524288
/lm/layers.1/operator_norm/Sqrt,6144
/lm/layers.10/Add,524288
/lm/layers.10/Add_1,524288
/lm/layers.10/conv/Conv,1597440
/lm/layers.10/conv/Mul,524288
/lm/layers.10/conv/Mul_4,524288
/lm/layers.10/conv/Mul_5,524288
/lm/layers.10/conv/Slice,524288
/lm/layers.10/conv/Slice_1,524288
/lm/layers.10/conv/Slice_2,524288
/lm/layers.10/conv/Slice_3,524288
/lm/layers.10/conv/Transpose,0
/lm/layers.10/conv/Transpose_1,0
/lm/layers.10/conv/in_proj/MatMul_2d_quant,0
/lm/layers.10/conv/in_proj/MatMul_2d_quant_output_scale_mul,1572864
/lm/layers.10/conv/in_proj/MatMul_2d_quant_scales_mul,2
/lm/layers.10/conv/out_proj/MatMul_2d_quant,0
/lm/layers.10/conv/out_proj/MatMul_2d_quant_output_scale_mul,524288
/lm/layers.10/conv/out_proj/MatMul_2d_quant_scales_mul,2
/lm/layers.10/feed_forward/Mul,2752512
/lm/layers.10/feed_forward/Mul_1,2752512
/lm/layers.10/feed_forward/Sigmoid,88080384
/lm/layers.10/feed_forward/w1/MatMul_2d_quant,0
/lm/layers.10/feed_forward/w1/MatMul_2d_quant_output_scale_mul,2752512
/lm/layers.10/feed_forward/w1/MatMul_2d_quant_scales_mul,2
/lm/layers.10/feed_forward/w2/MatMul_2d_quant,0
/lm/layers.10/feed_forward/w2/MatMul_2d_quant_output_scale_mul,524288
/lm/layers.10/feed_forward/w2/MatMul_2d_quant_scales_mul,2
/lm/layers.10/feed_forward/w3/MatMul_2d_quant,0
/lm/layers.10/feed_forward/w3/MatMul_2d_quant_output_scale_mul,2752512
/lm/layers.10/feed_forward/w3/MatMul_2d_quant_scales_mul,2
/lm/layers.10/ffn_norm/Add,256
/lm/layers.10/ffn_norm/Div,2097152
/lm/layers.10/ffn_norm/Mul_1,524288
/lm/layers.10/ffn_norm/Pow,16777216
/lm/layers.10/ffn_norm/ReduceMean,524288
/lm/layers.10/ffn_norm/Sqrt,6144
/lm/layers.10/operator_norm/Add,256
/lm/layers.10/operator_norm/Div,2097152
/lm/layers.10/operator_norm/Mul_1,524288
/lm/layers.10/operator_norm/Pow,16777216
/lm/layers.10/operator_norm/ReduceMean,524288
/lm/layers.10/operator_norm/Sqrt,6144
/lm/layers.11/Add,524288
/lm/layers.11/Add_1,524288
/lm/layers.11/conv/Conv,1597440
/lm/layers.11/conv/Mul,524288
/lm/layers.11/conv/Mul_4,524288
/lm/layers.11/conv/Mul_5,524288
/lm/layers.11/conv/Slice,524288
/lm/layers.11/conv/Slice_1,524288
/lm/layers.11/conv/Slice_2,524288
/lm/layers.11/conv/Slice_3,524288
/lm/layers.11/conv/Transpose,0
/lm/layers.11/conv/Transpose_1,0
/lm/layers.11/conv/in_proj/MatMul_2d_quant,0
/lm/layers.11/conv/in_proj/MatMul_2d_quant_output_scale_mul,1572864
/lm/layers.11/conv/in_proj/MatMul_2d_quant_scales_mul,2
/lm/layers.11/conv/out_proj/MatMul_2d_quant,0
/lm/layers.11/conv/out_proj/MatMul_2d_quant_output_scale_mul,524288
/lm/layers.11/conv/out_proj/MatMul_2d_quant_scales_mul,2
/lm/layers.11/feed_forward/Mul,2752512
/lm/layers.11/feed_forward/Mul_1,2752512
/lm/layers.11/feed_forward/Sigmoid,88080384
/lm/layers.11/feed_forward/w1/MatMul_2d_quant,0
/lm/layers.11/feed_forward/w1/MatMul_2d_quant_output_scale_mul,2752512
/lm/layers.11/feed_forward/w1/MatMul_2d_quant_scales_mul,2
/lm/layers.11/feed_forward/w2/MatMul_2d_quant,0
/lm/layers.11/feed_forward/w2/MatMul_2d_quant_output_scale_mul,524288
/lm/layers.11/feed_forward/w2/MatMul_2d_quant_scales_mul,2
/lm/layers.11/feed_forward/w3/MatMul_2d_quant,0
/lm/layers.11/feed_forward/w3/MatMul_2d_quant_output_scale_mul,2752512
/lm/layers.11/feed_forward/w3/MatMul_2d_quant_scales_mul,2
/lm/layers.11/ffn_norm/Add,256
/lm/layers.11/ffn_norm/Div,2097152
/lm/layers.11/ffn_norm/Mul_1,524288
/lm/layers.11/ffn_norm/Pow,16777216
/lm/layers.11/ffn_norm/ReduceMean,524288
/lm/layers.11/ffn_norm/Sqrt,6144
/lm/layers.11/operator_norm/Add,256
/lm/layers.11/operator_norm/Div,2097152
/lm/layers.11/operator_norm/Mul_1,524288
/lm/layers.11/operator_norm/Pow,16777216
/lm/layers.11/operator_norm/ReduceMean,524288
/lm/layers.11/operator_norm/Sqrt,6144
/lm/layers.12/Add,524288
/lm/layers.12/Add_1,524288
/lm/layers.12/conv/Conv,1597440
/lm/layers.12/conv/Mul,524288
/lm/layers.12/conv/Mul_4,524288
/lm/layers.12/conv/Mul_5,524288
/lm/layers.12/conv/Slice,524288
/lm/layers.12/conv/Slice_1,524288
/lm/layers.12/conv/Slice_2,524288
/lm/layers.12/conv/Slice_3,524288
/lm/layers.12/conv/Transpose,0
/lm/layers.12/conv/Transpose_1,0
/lm/layers.12/conv/in_proj/MatMul_2d_quant,0
/lm/layers.12/conv/in_proj/MatMul_2d_quant_output_scale_mul,1572864
/lm/layers.12/conv/in_proj/MatMul_2d_quant_scales_mul,2
/lm/layers.12/conv/out_proj/MatMul_2d_quant,0
/lm/layers.12/conv/out_proj/MatMul_2d_quant_output_scale_mul,524288
/lm/layers.12/conv/out_proj/MatMul_2d_quant_scales_mul,2
/lm/layers.12/feed_forward/Mul,2752512
/lm/layers.12/feed_forward/Mul_1,2752512
/lm/layers.12/feed_forward/Sigmoid,88080384
/lm/layers.12/feed_forward/w1/MatMul_2d_quant,0
/lm/layers.12/feed_forward/w1/MatMul_2d_quant_output_scale_mul,2752512
/lm/layers.12/feed_forward/w1/MatMul_2d_quant_scales_mul,2
/lm/layers.12/feed_forward/w2/MatMul_2d_quant,0
/lm/layers.12/feed_forward/w2/MatMul_2d_quant_output_scale_mul,524288
/lm/layers.12/feed_forward/w2/MatMul_2d_quant_scales_mul,2
/lm/layers.12/feed_forward/w3/MatMul_2d_quant,0
/lm/layers.12/feed_forward/w3/MatMul_2d_quant_output_scale_mul,2752512
/lm/layers.12/feed_forward/w3/MatMul_2d_quant_scales_mul,2
/lm/layers.12/ffn_norm/Add,256
/lm/layers.12/ffn_norm/Div,2097152
/lm/layers.12/ffn_norm/Mul_1,524288
/lm/layers.12/ffn_norm/Pow,16777216
/lm/layers.12/ffn_norm/ReduceMean,524288
/lm/layers.12/ffn_norm/Sqrt,6144
/lm/layers.12/operator_norm/Add,256
/lm/layers.12/operator_norm/Div,2097152
/lm/layers.12/operator_norm/Mul_1,524288
/lm/layers.12/operator_norm/Pow,16777216
/lm/layers.12/operator_norm/ReduceMean,524288
/lm/layers.12/operator_norm/Sqrt,6144
/lm/layers.13/Add,524288
/lm/layers.13/Add_1,524288
/lm/layers.13/feed_forward/Mul,2752512
/lm/layers.13/feed_forward/Mul_1,2752512
/lm/layers.13/feed_forward/Sigmoid,88080384
/lm/layers.13/feed_forward/w1/MatMul_2d_quant,0
/lm/layers.13/feed_forward/w1/MatMul_2d_quant_output_scale_mul,2752512
/lm/layers.13/feed_forward/w1/MatMul_2d_quant_scales_mul,2
/lm/layers.13/feed_forward/w2/MatMul_2d_quant,0
/lm/layers.13/feed_forward/w2/MatMul_2d_quant_output_scale_mul,524288
/lm/layers.13/feed_forward/w2/MatMul_2d_quant_scales_mul,2
/lm/layers.13/feed_forward/w3/MatMul_2d_quant,0
/lm/layers.13/feed_forward/w3/MatMul_2d_quant_output_scale_mul,2752512
/lm/layers.13/feed_forward/w3/MatMul_2d_quant_scales_mul,2
/lm/layers.13/ffn_norm/Add,256
/lm/layers.13/ffn_norm/Div,2097152
/lm/layers.13/ffn_norm/Mul_1,524288
/lm/layers.13/ffn_norm/Pow,16777216
/lm/layers.13/ffn_norm/ReduceMean,524288
/lm/layers.13/ffn_norm/Sqrt,6144
/lm/layers.13/operator_norm/Add,256
/lm/layers.13/operator_norm/Div,2097152
/lm/layers.13/operator_norm/Mul_1,524288
/lm/layers.13/operator_norm/Pow,16777216
/lm/layers.13/operator_norm/ReduceMean,524288
/lm/layers.13/operator_norm/Sqrt,6144
/lm/layers.13/self_attn/Add,524288
/lm/layers.13/self_attn/Add_1,131072
/lm/layers.13/self_attn/Add_2,1048576
/lm/layers.13/self_attn/Concat,262144
/lm/layers.13/self_attn/Concat_1,65536
/lm/layers.13/self_attn/Expand,0
/lm/layers.13/self_attn/Expand_1,0
/lm/layers.13/self_attn/IsNaN,0
/lm/layers.13/self_attn/MatMul,67108864
/lm/layers.13/self_attn/MatMul_1,67108864
/lm/layers.13/self_attn/Mul,524288
/lm/layers.13/self_attn/Mul_1,524288
/lm/layers.13/self_attn/Mul_2,131072
/lm/layers.13/self_attn/Mul_3,131072
/lm/layers.13/self_attn/Mul_6,524288
/lm/layers.13/self_attn/Mul_7,524288
/lm/layers.13/self_attn/Neg,262144
/lm/layers.13/self_attn/Neg_1,65536
/lm/layers.13/self_attn/Reshape_3,2
/lm/layers.13/self_attn/Reshape_4,2
/lm/layers.13/self_attn/Reshape_5_new_reshape,2
/lm/layers.13/self_attn/Slice,262144
/lm/layers.13/self_attn/Slice_1,262144
/lm/layers.13/self_attn/Slice_2,65536
/lm/layers.13/self_attn/Slice_3,65536
/lm/layers.13/self_attn/Softmax,37748736
/lm/layers.13/self_attn/Transpose,0
/lm/layers.13/self_attn/Transpose_1,0
/lm/layers.13/self_attn/Transpose_2,0
/lm/layers.13/self_attn/Transpose_3,0
/lm/layers.13/self_attn/Transpose_4,0
/lm/layers.13/self_attn/Unsqueeze,131072
/lm/layers.13/self_attn/Unsqueeze_1,131072
/lm/layers.13/self_attn/Where_3,1048576
/lm/layers.13/self_attn/k_layernorm/Add,2048
/lm/layers.13/self_attn/k_layernorm/Div,524288
/lm/layers.13/self_attn/k_layernorm/Mul_1,131072
/lm/layers.13/self_attn/k_layernorm/Pow,4194304
/lm/layers.13/self_attn/k_layernorm/ReduceMean,131072
/lm/layers.13/self_attn/k_layernorm/Sqrt,49152
/lm/layers.13/self_attn/k_proj/MatMul_2d_quant,0
/lm/layers.13/self_attn/k_proj/MatMul_2d_quant_output_scale_mul,131072
/lm/layers.13/self_attn/k_proj/MatMul_2d_quant_scales_mul,2
/lm/layers.13/self_attn/out_proj/MatMul_2d_quant,0
/lm/layers.13/self_attn/out_proj/MatMul_2d_quant_output_scale_mul,524288
/lm/layers.13/self_attn/out_proj/MatMul_2d_quant_scales_mul,2
/lm/layers.13/self_attn/q_layernorm/Add,8192
/lm/layers.13/self_attn/q_layernorm/Div,2097152
/lm/layers.13/self_attn/q_layernorm/Mul_1,524288
/lm/layers.13/self_attn/q_layernorm/Pow,16777216
/lm/layers.13/self_attn/q_layernorm/ReduceMean,524288
/lm/layers.13/self_attn/q_layernorm/Sqrt,196608
/lm/layers.13/self_attn/q_proj/MatMul_2d_quant,0
/lm/layers.13/self_attn/q_proj/MatMul_2d_quant_output_scale_mul,524288
/lm/layers.13/self_attn/q_proj/MatMul_2d_quant_scales_mul,2
/lm/layers.13/self_attn/v_proj/MatMul_2d_quant,0
/lm/layers.13/self_attn/v_proj/MatMul_2d_quant_output_scale_mul,131072
/lm/layers.13/self_attn/v_proj/MatMul_2d_quant_scales_mul,2
/lm/layers.14/Add,524288
/lm/layers.14/Add_1,524288
/lm/layers.14/conv/Conv,1597440
/lm/layers.14/conv/Mul,524288
/lm/layers.14/conv/Mul_4,524288
/lm/layers.14/conv/Mul_5,524288
/lm/layers.14/conv/Slice,524288
/lm/layers.14/conv/Slice_1,524288
/lm/layers.14/conv/Slice_2,524288
/lm/layers.14/conv/Slice_3,524288
/lm/layers.14/conv/Transpose,0
/lm/layers.14/conv/Transpose_1,0
/lm/layers.14/conv/in_proj/MatMul_2d_quant,0
/lm/layers.14/conv/in_proj/MatMul_2d_quant_output_scale_mul,1572864
/lm/layers.14/conv/in_proj/MatMul_2d_quant_scales_mul,2
/lm/layers.14/conv/out_proj/MatMul_2d_quant,0
/lm/layers.14/conv/out_proj/MatMul_2d_quant_output_scale_mul,524288
/lm/layers.14/conv/out_proj/MatMul_2d_quant_scales_mul,2
/lm/layers.14/feed_forward/Mul,2752512
/lm/layers.14/feed_forward/Mul_1,2752512
/lm/layers.14/feed_forward/Sigmoid,88080384
/lm/layers.14/feed_forward/w1/MatMul_2d_quant,0
/lm/layers.14/feed_forward/w1/MatMul_2d_quant_output_scale_mul,2752512
/lm/layers.14/feed_forward/w1/MatMul_2d_quant_scales_mul,2
/lm/layers.14/feed_forward/w2/MatMul_2d_quant,0
/lm/layers.14/feed_forward/w2/MatMul_2d_quant_output_scale_mul,524288
/lm/layers.14/feed_forward/w2/MatMul_2d_quant_scales_mul,2
/lm/layers.14/feed_forward/w3/MatMul_2d_quant,0
/lm/layers.14/feed_forward/w3/MatMul_2d_quant_output_scale_mul,2752512
/lm/layers.14/feed_forward/w3/MatMul_2d_quant_scales_mul,2
/lm/layers.14/ffn_norm/Add,256
/lm/layers.14/ffn_norm/Div,2097152
/lm/layers.14/ffn_norm/Mul_1,524288
/lm/layers.14/ffn_norm/Pow,16777216
/lm/layers.14/ffn_norm/ReduceMean,524288
/lm/layers.14/ffn_norm/Sqrt,6144
/lm/layers.14/operator_norm/Add,256
/lm/layers.14/operator_norm/Div,2097152
/lm/layers.14/operator_norm/Mul_1,524288
/lm/layers.14/operator_norm/Pow,16777216
/lm/layers.14/operator_norm/ReduceMean,524288
/lm/layers.14/operator_norm/Sqrt,6144
/lm/layers.15/Add,524288
/lm/layers.15/Add_1,524288
/lm/layers.15/conv/Conv,1597440
/lm/layers.15/conv/Mul,524288
/lm/layers.15/conv/Mul_4,524288
/lm/layers.15/conv/Mul_5,524288
/lm/layers.15/conv/Slice,524288
/lm/layers.15/conv/Slice_1,524288
/lm/layers.15/conv/Slice_2,524288
/lm/layers.15/conv/Slice_3,524288
/lm/layers.15/conv/Transpose,0
/lm/layers.15/conv/Transpose_1,0
/lm/layers.15/conv/in_proj/MatMul_2d_quant,0
/lm/layers.15/conv/in_proj/MatMul_2d_quant_output_scale_mul,1572864
/lm/layers.15/conv/in_proj/MatMul_2d_quant_scales_mul,2
/lm/layers.15/conv/out_proj/MatMul_2d_quant,0
/lm/layers.15/conv/out_proj/MatMul_2d_quant_output_scale_mul,524288
/lm/layers.15/conv/out_proj/MatMul_2d_quant_scales_mul,2
/lm/layers.15/feed_forward/Mul,2752512
/lm/layers.15/feed_forward/Mul_1,2752512
/lm/layers.15/feed_forward/Sigmoid,88080384
/lm/layers.15/feed_forward/w1/MatMul_2d_quant,0
/lm/layers.15/feed_forward/w1/MatMul_2d_quant_output_scale_mul,2752512
/lm/layers.15/feed_forward/w1/MatMul_2d_quant_scales_mul,2
/lm/layers.15/feed_forward/w2/MatMul_2d_quant,0
/lm/layers.15/feed_forward/w2/MatMul_2d_quant_output_scale_mul,524288
/lm/layers.15/feed_forward/w2/MatMul_2d_quant_scales_mul,2
/lm/layers.15/feed_forward/w3/MatMul_2d_quant,0
/lm/layers.15/feed_forward/w3/MatMul_2d_quant_output_scale_mul,2752512
/lm/layers.15/feed_forward/w3/MatMul_2d_quant_scales_mul,2
/lm/layers.15/ffn_norm/Add,256
/lm/layers.15/ffn_norm/Div,2097152
/lm/layers.15/ffn_norm/Mul_1,524288
/lm/layers.15/ffn_norm/Pow,16777216
/lm/layers.15/ffn_norm/ReduceMean,524288
/lm/layers.15/ffn_norm/Sqrt,6144
/lm/layers.15/operator_norm/Add,256
/lm/layers.15/operator_norm/Div,2097152
/lm/layers.15/operator_norm/Mul_1,524288
/lm/layers.15/operator_norm/Pow,16777216
/lm/layers.15/operator_norm/ReduceMean,524288
/lm/layers.15/operator_norm/Sqrt,6144
/lm/layers.16/Add,524288
/lm/layers.16/Add_1,524288
/lm/layers.16/conv/Conv,1597440
/lm/layers.16/conv/Mul,524288
/lm/layers.16/conv/Mul_4,524288
/lm/layers.16/conv/Mul_5,524288
/lm/layers.16/conv/Slice,524288
/lm/layers.16/conv/Slice_1,524288
/lm/layers.16/conv/Slice_2,524288
/lm/layers.16/conv/Slice_3,524288
/lm/layers.16/conv/Transpose,0
/lm/layers.16/conv/Transpose_1,0
/lm/layers.16/conv/in_proj/MatMul_2d_quant,0
/lm/layers.16/conv/in_proj/MatMul_2d_quant_output_scale_mul,1572864
/lm/layers.16/conv/in_proj/MatMul_2d_quant_scales_mul,2
/lm/layers.16/conv/out_proj/MatMul_2d_quant,0
/lm/layers.16/conv/out_proj/MatMul_2d_quant_output_scale_mul,524288
/lm/layers.16/conv/out_proj/MatMul_2d_quant_scales_mul,2
/lm/layers.16/feed_forward/Mul,2752512
/lm/layers.16/feed_forward/Mul_1,2752512
/lm/layers.16/feed_forward/Sigmoid,88080384
/lm/layers.16/feed_forward/w1/MatMul_2d_quant,0
/lm/layers.16/feed_forward/w1/MatMul_2d_quant_output_scale_mul,2752512
/lm/layers.16/feed_forward/w1/MatMul_2d_quant_scales_mul,2
/lm/layers.16/feed_forward/w2/MatMul_2d_quant,0
/lm/layers.16/feed_forward/w2/MatMul_2d_quant_output_scale_mul,524288
/lm/layers.16/feed_forward/w2/MatMul_2d_quant_scales_mul,2
/lm/layers.16/feed_forward/w3/MatMul_2d_quant,0
/lm/layers.16/feed_forward/w3/MatMul_2d_quant_output_scale_mul,2752512
/lm/layers.16/feed_forward/w3/MatMul_2d_quant_scales_mul,2
/lm/layers.16/ffn_norm/Add,256
/lm/layers.16/ffn_norm/Div,2097152
/lm/layers.16/ffn_norm/Mul_1,524288
/lm/layers.16/ffn_norm/Pow,16777216
/lm/layers.16/ffn_norm/ReduceMean,524288
/lm/layers.16/ffn_norm/Sqrt,6144
/lm/layers.16/operator_norm/Add,256
/lm/layers.16/operator_norm/Div,2097152
/lm/layers.16/operator_norm/Mul_1,524288
/lm/layers.16/operator_norm/Pow,16777216
/lm/layers.16/operator_norm/ReduceMean,524288
/lm/layers.16/operator_norm/Sqrt,6144
/lm/layers.17/Add,524288
/lm/layers.17/Add_1,524288
/lm/layers.17/feed_forward/Mul,2752512
/lm/layers.17/feed_forward/Mul_1,2752512
/lm/layers.17/feed_forward/Sigmoid,88080384
/lm/layers.17/feed_forward/w1/MatMul_2d_quant,0
/lm/layers.17/feed_forward/w1/MatMul_2d_quant_output_scale_mul,2752512
/lm/layers.17/feed_forward/w1/MatMul_2d_quant_scales_mul,2
/lm/layers.17/feed_forward/w2/MatMul_2d_quant,0
/lm/layers.17/feed_forward/w2/MatMul_2d_quant_output_scale_mul,524288
/lm/layers.17/feed_forward/w2/MatMul_2d_quant_scales_mul,2
/lm/layers.17/feed_forward/w3/MatMul_2d_quant,0
/lm/layers.17/feed_forward/w3/MatMul_2d_quant_output_scale_mul,2752512
/lm/layers.17/feed_forward/w3/MatMul_2d_quant_scales_mul,2
/lm/layers.17/ffn_norm/Add,256
/lm/layers.17/ffn_norm/Div,2097152
/lm/layers.17/ffn_norm/Mul_1,524288
/lm/layers.17/ffn_norm/Pow,16777216
/lm/layers.17/ffn_norm/ReduceMean,524288
/lm/layers.17/ffn_norm/Sqrt,6144
/lm/layers.17/operator_norm/Add,256
/lm/layers.17/operator_norm/Div,2097152
/lm/layers.17/operator_norm/Mul_1,524288
/lm/layers.17/operator_norm/Pow,16777216
/lm/layers.17/operator_norm/ReduceMean,524288
/lm/layers.17/operator_norm/Sqrt,6144
/lm/layers.17/self_attn/Add,524288
/lm/layers.17/self_attn/Add_1,131072
/lm/layers.17/self_attn/Add_2,1048576
/lm/layers.17/self_attn/Concat,262144
/lm/layers.17/self_attn/Concat_1,65536
/lm/layers.17/self_attn/Expand,0
/lm/layers.17/self_attn/Expand_1,0
/lm/layers.17/self_attn/IsNaN,0
/lm/layers.17/self_attn/MatMul,67108864
/lm/layers.17/self_attn/MatMul_1,67108864
/lm/layers.17/self_attn/Mul,524288
/lm/layers.17/self_attn/Mul_1,524288
/lm/layers.17/self_attn/Mul_2,131072
/lm/layers.17/self_attn/Mul_3,131072
/lm/layers.17/self_attn/Mul_6,524288
/lm/layers.17/self_attn/Mul_7,524288
/lm/layers.17/self_attn/Neg,262144
/lm/layers.17/self_attn/Neg_1,65536
/lm/layers.17/self_attn/Reshape_3,2
/lm/layers.17/self_attn/Reshape_4,2
/lm/layers.17/self_attn/Reshape_5_new_reshape,2
/lm/layers.17/self_attn/Slice,262144
/lm/layers.17/self_attn/Slice_1,262144
/lm/layers.17/self_attn/Slice_2,65536
/lm/layers.17/self_attn/Slice_3,65536
/lm/layers.17/self_attn/Softmax,37748736
/lm/layers.17/self_attn/Transpose,0
/lm/layers.17/self_attn/Transpose_1,0
/lm/layers.17/self_attn/Transpose_2,0
/lm/layers.17/self_attn/Transpose_3,0
/lm/layers.17/self_attn/Transpose_4,0
/lm/layers.17/self_attn/Unsqueeze,131072
/lm/layers.17/self_attn/Unsqueeze_1,131072
/lm/layers.17/self_attn/Where_3,1048576
/lm/layers.17/self_attn/k_layernorm/Add,2048
/lm/layers.17/self_attn/k_layernorm/Div,524288
/lm/layers.17/self_attn/k_layernorm/Mul_1,131072
/lm/layers.17/self_attn/k_layernorm/Pow,4194304
/lm/layers.17/self_attn/k_layernorm/ReduceMean,131072
/lm/layers.17/self_attn/k_layernorm/Sqrt,49152
/lm/layers.17/self_attn/k_proj/MatMul_2d_quant,0
/lm/layers.17/self_attn/k_proj/MatMul_2d_quant_output_scale_mul,131072
/lm/layers.17/self_attn/k_proj/MatMul_2d_quant_scales_mul,2
/lm/layers.17/self_attn/out_proj/MatMul_2d_quant,0
/lm/layers.17/self_attn/out_proj/MatMul_2d_quant_output_scale_mul,524288
/lm/layers.17/self_attn/out_proj/MatMul_2d_quant_scales_mul,2
/lm/layers.17/self_attn/q_layernorm/Add,8192
/lm/layers.17/self_attn/q_layernorm/Div,2097152
/lm/layers.17/self_attn/q_layernorm/Mul_1,524288
/lm/layers.17/self_attn/q_layernorm/Pow,16777216
/lm/layers.17/self_attn/q_layernorm/ReduceMean,524288
/lm/layers.17/self_attn/q_layernorm/Sqrt,196608
/lm/layers.17/self_attn/q_proj/MatMul_2d_quant,0
/lm/layers.17/self_attn/q_proj/MatMul_2d_quant_output_scale_mul,524288
/lm/layers.17/self_attn/q_proj/MatMul_2d_quant_scales_mul,2
/lm/layers.17/self_attn/v_proj/MatMul_2d_quant,0
/lm/layers.17/self_attn/v_proj/MatMul_2d_quant_output_scale_mul,131072
/lm/layers.17/self_attn/v_proj/MatMul_2d_quant_scales_mul,2
/lm/layers.18/Add,524288
/lm/layers.18/Add_1,524288
/lm/layers.18/conv/Conv,1597440
/lm/layers.18/conv/Mul,524288
/lm/layers.18/conv/Mul_4,524288
/lm/layers.18/conv/Mul_5,524288
/lm/layers.18/conv/Slice,524288
/lm/layers.18/conv/Slice_1,524288
/lm/layers.18/conv/Slice_2,524288
/lm/layers.18/conv/Slice_3,524288
/lm/layers.18/conv/Transpose,0
/lm/layers.18/conv/Transpose_1,0
/lm/layers.18/conv/in_proj/MatMul_2d_quant,0
/lm/layers.18/conv/in_proj/MatMul_2d_quant_output_scale_mul,1572864
/lm/layers.18/conv/in_proj/MatMul_2d_quant_scales_mul,2
/lm/layers.18/conv/out_proj/MatMul_2d_quant,0
/lm/layers.18/conv/out_proj/MatMul_2d_quant_output_scale_mul,524288
/lm/layers.18/conv/out_proj/MatMul_2d_quant_scales_mul,2
/lm/layers.18/feed_forward/Mul,2752512
/lm/layers.18/feed_forward/Mul_1,2752512
/lm/layers.18/feed_forward/Sigmoid,88080384
/lm/layers.18/feed_forward/w1/MatMul_2d_quant,0
/lm/layers.18/feed_forward/w1/MatMul_2d_quant_output_scale_mul,2752512
/lm/layers.18/feed_forward/w1/MatMul_2d_quant_scales_mul,2
/lm/layers.18/feed_forward/w2/MatMul_2d_quant,0
/lm/layers.18/feed_forward/w2/MatMul_2d_quant_output_scale_mul,524288
/lm/layers.18/feed_forward/w2/MatMul_2d_quant_scales_mul,2
/lm/layers.18/feed_forward/w3/MatMul_2d_quant,0
/lm/layers.18/feed_forward/w3/MatMul_2d_quant_output_scale_mul,2752512
/lm/layers.18/feed_forward/w3/MatMul_2d_quant_scales_mul,2
/lm/layers.18/ffn_norm/Add,256
/lm/layers.18/ffn_norm/Div,2097152
/lm/layers.18/ffn_norm/Mul_1,524288
/lm/layers.18/ffn_norm/Pow,16777216
/lm/layers.18/ffn_norm/ReduceMean,524288
/lm/layers.18/ffn_norm/Sqrt,6144
/lm/layers.18/operator_norm/Add,256
/lm/layers.18/operator_norm/Div,2097152
/lm/layers.18/operator_norm/Mul_1,524288
/lm/layers.18/operator_norm/Pow,16777216
/lm/layers.18/operator_norm/ReduceMean,524288
/lm/layers.18/operator_norm/Sqrt,6144
/lm/layers.19/Add,524288
/lm/layers.19/Add_1,524288
/lm/layers.19/conv/Conv,1597440
/lm/layers.19/conv/Mul,524288
/lm/layers.19/conv/Mul_4,524288
/lm/layers.19/conv/Mul_5,524288
/lm/layers.19/conv/Slice,524288
/lm/layers.19/conv/Slice_1,524288
/lm/layers.19/conv/Slice_2,524288
/lm/layers.19/conv/Slice_3,524288
/lm/layers.19/conv/Transpose,0
/lm/layers.19/conv/Transpose_1,0
/lm/layers.19/conv/in_proj/MatMul_2d_quant,0
/lm/layers.19/conv/in_proj/MatMul_2d_quant_output_scale_mul,1572864
/lm/layers.19/conv/in_proj/MatMul_2d_quant_scales_mul,2
/lm/layers.19/conv/out_proj/MatMul_2d_quant,0
/lm/layers.19/conv/out_proj/MatMul_2d_quant_output_scale_mul,524288
/lm/layers.19/conv/out_proj/MatMul_2d_quant_scales_mul,2
/lm/layers.19/feed_forward/Mul,2752512
/lm/layers.19/feed_forward/Mul_1,2752512
/lm/layers.19/feed_forward/Sigmoid,88080384
/lm/layers.19/feed_forward/w1/MatMul_2d_quant,0
/lm/layers.19/feed_forward/w1/MatMul_2d_quant_output_scale_mul,2752512
/lm/layers.19/feed_forward/w1/MatMul_2d_quant_scales_mul,2
/lm/layers.19/feed_forward/w2/MatMul_2d_quant,0
/lm/layers.19/feed_forward/w2/MatMul_2d_quant_output_scale_mul,524288
/lm/layers.19/feed_forward/w2/MatMul_2d_quant_scales_mul,2
/lm/layers.19/feed_forward/w3/MatMul_2d_quant,0
/lm/layers.19/feed_forward/w3/MatMul_2d_quant_output_scale_mul,2752512
/lm/layers.19/feed_forward/w3/MatMul_2d_quant_scales_mul,2
/lm/layers.19/ffn_norm/Add,256
/lm/layers.19/ffn_norm/Div,2097152
/lm/layers.19/ffn_norm/Mul_1,524288
/lm/layers.19/ffn_norm/Pow,16777216
/lm/layers.19/ffn_norm/ReduceMean,524288
/lm/layers.19/ffn_norm/Sqrt,6144
/lm/layers.19/operator_norm/Add,256
/lm/layers.19/operator_norm/Div,2097152
/lm/layers.19/operator_norm/Mul_1,524288
/lm/layers.19/operator_norm/Pow,16777216
/lm/layers.19/operator_norm/ReduceMean,524288
/lm/layers.19/operator_norm/Sqrt,6144
/lm/layers.2/Add,524288
/lm/layers.2/Add_1,524288
/lm/layers.2/feed_forward/Mul,2752512
/lm/layers.2/feed_forward/Mul_1,2752512
/lm/layers.2/feed_forward/Sigmoid,88080384
/lm/layers.2/feed_forward/w1/MatMul_2d_quant,0
/lm/layers.2/feed_forward/w1/MatMul_2d_quant_output_scale_mul,2752512
/lm/layers.2/feed_forward/w1/MatMul_2d_quant_scales_mul,2
/lm/layers.2/feed_forward/w2/MatMul_2d_quant,0
/lm/layers.2/feed_forward/w2/MatMul_2d_quant_output_scale_mul,524288
/lm/layers.2/feed_forward/w2/MatMul_2d_quant_scales_mul,2
/lm/layers.2/feed_forward/w3/MatMul_2d_quant,0
/lm/layers.2/feed_forward/w3/MatMul_2d_quant_output_scale_mul,2752512
/lm/layers.2/feed_forward/w3/MatMul_2d_quant_scales_mul,2
/lm/layers.2/ffn_norm/Add,256
/lm/layers.2/ffn_norm/Div,2097152
/lm/layers.2/ffn_norm/Mul_1,524288
/lm/layers.2/ffn_norm/Pow,16777216
/lm/layers.2/ffn_norm/ReduceMean,524288
/lm/layers.2/ffn_norm/Sqrt,6144
/lm/layers.2/operator_norm/Add,256
/lm/layers.2/operator_norm/Div,2097152
/lm/layers.2/operator_norm/Mul_1,524288
/lm/layers.2/operator_norm/Pow,16777216
/lm/layers.2/operator_norm/ReduceMean,524288
/lm/layers.2/operator_norm/Sqrt,6144
/lm/layers.2/self_attn/Add,524288
/lm/layers.2/self_attn/Add_1,131072
/lm/layers.2/self_attn/Add_2,1048576
/lm/layers.2/self_attn/Concat,262144
/lm/layers.2/self_attn/Concat_1,65536
/lm/layers.2/self_attn/Expand,0
/lm/layers.2/self_attn/Expand_1,0
/lm/layers.2/self_attn/IsNaN,0
/lm/layers.2/self_attn/MatMul,67108864
/lm/layers.2/self_attn/MatMul_1,67108864
/lm/layers.2/self_attn/Mul,524288
/lm/layers.2/self_attn/Mul_1,524288
/lm/layers.2/self_attn/Mul_2,131072
/lm/layers.2/self_attn/Mul_3,131072
/lm/layers.2/self_attn/Mul_6,524288
/lm/layers.2/self_attn/Mul_7,524288
/lm/layers.2/self_attn/Neg,262144
/lm/layers.2/self_attn/Neg_1,65536
/lm/layers.2/self_attn/Reshape_3,2
/lm/layers.2/self_attn/Reshape_4,2
/lm/layers.2/self_attn/Reshape_5_new_reshape,2
/lm/layers.2/self_attn/Slice,262144
/lm/layers.2/self_attn/Slice_1,262144
/lm/layers.2/self_attn/Slice_2,65536
/lm/layers.2/self_attn/Slice_3,65536
/lm/layers.2/self_attn/Softmax,37748736
/lm/layers.2/self_attn/Transpose,0
/lm/layers.2/self_attn/Transpose_1,0
/lm/layers.2/self_attn/Transpose_2,0
/lm/layers.2/self_attn/Transpose_3,0
/lm/layers.2/self_attn/Transpose_4,0
/lm/layers.2/self_attn/Unsqueeze,16384
/lm/layers.2/self_attn/Unsqueeze_1,16384
/lm/layers.2/self_attn/Unsqueeze_2,131072
/lm/layers.2/self_attn/Unsqueeze_3,131072
/lm/layers.2/self_attn/Where_2,32768
/lm/layers.2/self_attn/Where_3,1048576
/lm/layers.2/self_attn/k_layernorm/Add,2048
/lm/layers.2/self_attn/k_layernorm/Div,524288
/lm/layers.2/self_attn/k_layernorm/Mul_1,131072
/lm/layers.2/self_attn/k_layernorm/Pow,4194304
/lm/layers.2/self_attn/k_layernorm/ReduceMean,131072
/lm/layers.2/self_attn/k_layernorm/Sqrt,49152
/lm/layers.2/self_attn/k_proj/MatMul_2d_quant,0
/lm/layers.2/self_attn/k_proj/MatMul_2d_quant_output_scale_mul,131072
/lm/layers.2/self_attn/k_proj/MatMul_2d_quant_scales_mul,2
/lm/layers.2/self_attn/out_proj/MatMul_2d_quant,0
/lm/layers.2/self_attn/out_proj/MatMul_2d_quant_output_scale_mul,524288
/lm/layers.2/self_attn/out_proj/MatMul_2d_quant_scales_mul,2
/lm/layers.2/self_attn/q_layernorm/Add,8192
/lm/layers.2/self_attn/q_layernorm/Div,2097152
/lm/layers.2/self_attn/q_layernorm/Mul_1,524288
/lm/layers.2/self_attn/q_layernorm/Pow,16777216
/lm/layers.2/self_attn/q_layernorm/ReduceMean,524288
/lm/layers.2/self_attn/q_layernorm/Sqrt,196608
/lm/layers.2/self_attn/q_proj/MatMul_2d_quant,0
/lm/layers.2/self_attn/q_proj/MatMul_2d_quant_output_scale_mul,524288
/lm/layers.2/self_attn/q_proj/MatMul_2d_quant_scales_mul,2
/lm/layers.2/self_attn/v_proj/MatMul_2d_quant,0
/lm/layers.2/self_attn/v_proj/MatMul_2d_quant_output_scale_mul,131072
/lm/layers.2/self_attn/v_proj/MatMul_2d_quant_scales_mul,2
/lm/layers.20/Add,524288
/lm/layers.20/Add_1,524288
/lm/layers.20/conv/Conv,1597440
/lm/layers.20/conv/Mul,524288
/lm/layers.20/conv/Mul_4,524288
/lm/layers.20/conv/Mul_5,524288
/lm/layers.20/conv/Slice,524288
/lm/layers.20/conv/Slice_1,524288
/lm/layers.20/conv/Slice_2,524288
/lm/layers.20/conv/Slice_3,524288
/lm/layers.20/conv/Transpose,0
/lm/layers.20/conv/Transpose_1,0
/lm/layers.20/conv/in_proj/MatMul_2d_quant,0
/lm/layers.20/conv/in_proj/MatMul_2d_quant_output_scale_mul,1572864
/lm/layers.20/conv/in_proj/MatMul_2d_quant_scales_mul,2
/lm/layers.20/conv/out_proj/MatMul_2d_quant,0
/lm/layers.20/conv/out_proj/MatMul_2d_quant_output_scale_mul,524288
/lm/layers.20/conv/out_proj/MatMul_2d_quant_scales_mul,2
/lm/layers.20/feed_forward/Mul,2752512
/lm/layers.20/feed_forward/Mul_1,2752512
/lm/layers.20/feed_forward/Sigmoid,88080384
/lm/layers.20/feed_forward/w1/MatMul_2d_quant,0
/lm/layers.20/feed_forward/w1/MatMul_2d_quant_output_scale_mul,2752512
/lm/layers.20/feed_forward/w1/MatMul_2d_quant_scales_mul,2
/lm/layers.20/feed_forward/w2/MatMul_2d_quant,0
/lm/layers.20/feed_forward/w2/MatMul_2d_quant_output_scale_mul,524288
/lm/layers.20/feed_forward/w2/MatMul_2d_quant_scales_mul,2
/lm/layers.20/feed_forward/w3/MatMul_2d_quant,0
/lm/layers.20/feed_forward/w3/MatMul_2d_quant_output_scale_mul,2752512
/lm/layers.20/feed_forward/w3/MatMul_2d_quant_scales_mul,2
/lm/layers.20/ffn_norm/Add,256
/lm/layers.20/ffn_norm/Div,2097152
/lm/layers.20/ffn_norm/Mul_1,524288
/lm/layers.20/ffn_norm/Pow,16777216
/lm/layers.20/ffn_norm/ReduceMean,524288
/lm/layers.20/ffn_norm/Sqrt,6144
/lm/layers.20/operator_norm/Add,256
/lm/layers.20/operator_norm/Div,2097152
/lm/layers.20/operator_norm/Mul_1,524288
/lm/layers.20/operator_norm/Pow,16777216
/lm/layers.20/operator_norm/ReduceMean,524288
/lm/layers.20/operator_norm/Sqrt,6144
/lm/layers.21/Add,524288
/lm/layers.21/Add_1,524288
/lm/layers.21/feed_forward/Mul,2752512
/lm/layers.21/feed_forward/Mul_1,2752512
/lm/layers.21/feed_forward/Sigmoid,88080384
/lm/layers.21/feed_forward/w1/MatMul_2d_quant,0
/lm/layers.21/feed_forward/w1/MatMul_2d_quant_output_scale_mul,2752512
/lm/layers.21/feed_forward/w1/MatMul_2d_quant_scales_mul,2
/lm/layers.21/feed_forward/w2/MatMul_2d_quant,0
/lm/layers.21/feed_forward/w2/MatMul_2d_quant_output_scale_mul,524288
/lm/layers.21/feed_forward/w2/MatMul_2d_quant_scales_mul,2
/lm/layers.21/feed_forward/w3/MatMul_2d_quant,0
/lm/layers.21/feed_forward/w3/MatMul_2d_quant_output_scale_mul,2752512
/lm/layers.21/feed_forward/w3/MatMul_2d_quant_scales_mul,2
/lm/layers.21/ffn_norm/Add,256
/lm/layers.21/ffn_norm/Div,2097152
/lm/layers.21/ffn_norm/Mul_1,524288
/lm/layers.21/ffn_norm/Pow,16777216
/lm/layers.21/ffn_norm/ReduceMean,524288
/lm/layers.21/ffn_norm/Sqrt,6144
/lm/layers.21/operator_norm/Add,256
/lm/layers.21/operator_norm/Div,2097152
/lm/layers.21/operator_norm/Mul_1,524288
/lm/layers.21/operator_norm/Pow,16777216
/lm/layers.21/operator_norm/ReduceMean,524288
/lm/layers.21/operator_norm/Sqrt,6144
/lm/layers.21/self_attn/Add,524288
/lm/layers.21/self_attn/Add_1,131072
/lm/layers.21/self_attn/Add_2,1048576
/lm/layers.21/self_attn/Concat,262144
/lm/layers.21/self_attn/Concat_1,65536
/lm/layers.21/self_attn/Expand,0
/lm/layers.21/self_attn/Expand_1,0
/lm/layers.21/self_attn/IsNaN,0
/lm/layers.21/self_attn/MatMul,67108864
/lm/layers.21/self_attn/MatMul_1,67108864
/lm/layers.21/self_attn/Mul,524288
/lm/layers.21/self_attn/Mul_1,524288
/lm/layers.21/self_attn/Mul_2,131072
/lm/layers.21/self_attn/Mul_3,131072
/lm/layers.21/self_attn/Mul_6,524288
/lm/layers.21/self_attn/Mul_7,524288
/lm/layers.21/self_attn/Neg,262144
/lm/layers.21/self_attn/Neg_1,65536
/lm/layers.21/self_attn/Reshape_3,2
/lm/layers.21/self_attn/Reshape_4,2
/lm/layers.21/self_attn/Reshape_5_new_reshape,2
/lm/layers.21/self_attn/Slice,262144
/lm/layers.21/self_attn/Slice_1,262144
/lm/layers.21/self_attn/Slice_2,65536
/lm/layers.21/self_attn/Slice_3,65536
/lm/layers.21/self_attn/Softmax,37748736
/lm/layers.21/self_attn/Transpose,0
/lm/layers.21/self_attn/Transpose_1,0
/lm/layers.21/self_attn/Transpose_2,0
/lm/layers.21/self_attn/Transpose_3,0
/lm/layers.21/self_attn/Transpose_4,0
/lm/layers.21/self_attn/Unsqueeze,131072
/lm/layers.21/self_attn/Unsqueeze_1,131072
/lm/layers.21/self_attn/Where_3,1048576
/lm/layers.21/self_attn/k_layernorm/Add,2048
/lm/layers.21/self_attn/k_layernorm/Div,524288
/lm/layers.21/self_attn/k_layernorm/Mul_1,131072
/lm/layers.21/self_attn/k_layernorm/Pow,4194304
/lm/layers.21/self_attn/k_layernorm/ReduceMean,131072
/lm/layers.21/self_attn/k_layernorm/Sqrt,49152
/lm/layers.21/self_attn/k_proj/MatMul_2d_quant,0
/lm/layers.21/self_attn/k_proj/MatMul_2d_quant_output_scale_mul,131072
/lm/layers.21/self_attn/k_proj/MatMul_2d_quant_scales_mul,2
/lm/layers.21/self_attn/out_proj/MatMul_2d_quant,0
/lm/layers.21/self_attn/out_proj/MatMul_2d_quant_output_scale_mul,524288
/lm/layers.21/self_attn/out_proj/MatMul_2d_quant_scales_mul,2
/lm/layers.21/self_attn/q_layernorm/Add,8192
/lm/layers.21/self_attn/q_layernorm/Div,2097152
/lm/layers.21/self_attn/q_layernorm/Mul_1,524288
/lm/layers.21/self_attn/q_layernorm/Pow,16777216
/lm/layers.21/self_attn/q_layernorm/ReduceMean,524288
/lm/layers.21/self_attn/q_layernorm/Sqrt,196608
/lm/layers.21/self_attn/q_proj/MatMul_2d_quant,0
/lm/layers.21/self_attn/q_proj/MatMul_2d_quant_output_scale_mul,524288
/lm/layers.21/self_attn/q_proj/MatMul_2d_quant_scales_mul,2
/lm/layers.21/self_attn/v_proj/MatMul_2d_quant,0
/lm/layers.21/self_attn/v_proj/MatMul_2d_quant_output_scale_mul,131072
/lm/layers.21/self_attn/v_proj/MatMul_2d_quant_scales_mul,2
/lm/layers.22/Add,524288
/lm/layers.22/Add_1,524288
/lm/layers.22/conv/Conv,1597440
/lm/layers.22/conv/Mul,524288
/lm/layers.22/conv/Mul_4,524288
/lm/layers.22/conv/Mul_5,524288
/lm/layers.22/conv/Slice,524288
/lm/layers.22/conv/Slice_1,524288
/lm/layers.22/conv/Slice_2,524288
/lm/layers.22/conv/Slice_3,524288
/lm/layers.22/conv/Transpose,0
/lm/layers.22/conv/Transpose_1,0
/lm/layers.22/conv/in_proj/MatMul_2d_quant,0
/lm/layers.22/conv/in_proj/MatMul_2d_quant_output_scale_mul,1572864
/lm/layers.22/conv/in_proj/MatMul_2d_quant_scales_mul,2
/lm/layers.22/conv/out_proj/MatMul_2d_quant,0
/lm/layers.22/conv/out_proj/MatMul_2d_quant_output_scale_mul,524288
/lm/layers.22/conv/out_proj/MatMul_2d_quant_scales_mul,2
/lm/layers.22/feed_forward/Mul,2752512
/lm/layers.22/feed_forward/Mul_1,2752512
/lm/layers.22/feed_forward/Sigmoid,88080384
/lm/layers.22/feed_forward/w1/MatMul_2d_quant,0
/lm/layers.22/feed_forward/w1/MatMul_2d_quant_output_scale_mul,2752512
/lm/layers.22/feed_forward/w1/MatMul_2d_quant_scales_mul,2
/lm/layers.22/feed_forward/w2/MatMul_2d_quant,0
/lm/layers.22/feed_forward/w2/MatMul_2d_quant_output_scale_mul,524288
/lm/layers.22/feed_forward/w2/MatMul_2d_quant_scales_mul,2
/lm/layers.22/feed_forward/w3/MatMul_2d_quant,0
/lm/layers.22/feed_forward/w3/MatMul_2d_quant_output_scale_mul,2752512
/lm/layers.22/feed_forward/w3/MatMul_2d_quant_scales_mul,2
/lm/layers.22/ffn_norm/Add,256
/lm/layers.22/ffn_norm/Div,2097152
/lm/layers.22/ffn_norm/Mul_1,524288
/lm/layers.22/ffn_norm/Pow,16777216
/lm/layers.22/ffn_norm/ReduceMean,524288
/lm/layers.22/ffn_norm/Sqrt,6144
/lm/layers.22/operator_norm/Add,256
/lm/layers.22/operator_norm/Div,2097152
/lm/layers.22/operator_norm/Mul_1,524288
/lm/layers.22/operator_norm/Pow,16777216
/lm/layers.22/operator_norm/ReduceMean,524288
/lm/layers.22/operator_norm/Sqrt,6144
/lm/layers.23/Add,524288
/lm/layers.23/Add_1,524288
/lm/layers.23/conv/Conv,1597440
/lm/layers.23/conv/Mul,524288
/lm/layers.23/conv/Mul_4,524288
/lm/layers.23/conv/Mul_5,524288
/lm/layers.23/conv/Slice,524288
/lm/layers.23/conv/Slice_1,524288
/lm/layers.23/conv/Slice_2,524288
/lm/layers.23/conv/Slice_3,524288
/lm/layers.23/conv/Transpose,0
/lm/layers.23/conv/Transpose_1,0
/lm/layers.23/conv/in_proj/MatMul_2d_quant,0
/lm/layers.23/conv/in_proj/MatMul_2d_quant_output_scale_mul,1572864
/lm/layers.23/conv/in_proj/MatMul_2d_quant_scales_mul,2
/lm/layers.23/conv/out_proj/MatMul_2d_quant,0
/lm/layers.23/conv/out_proj/MatMul_2d_quant_output_scale_mul,524288
/lm/layers.23/conv/out_proj/MatMul_2d_quant_scales_mul,2
/lm/layers.23/feed_forward/Mul,2752512
/lm/layers.23/feed_forward/Mul_1,2752512
/lm/layers.23/feed_forward/Sigmoid,88080384
/lm/layers.23/feed_forward/w1/MatMul_2d_quant,0
/lm/layers.23/feed_forward/w1/MatMul_2d_quant_output_scale_mul,2752512
/lm/layers.23/feed_forward/w1/MatMul_2d_quant_scales_mul,2
/lm/layers.23/feed_forward/w2/MatMul_2d_quant,0
/lm/layers.23/feed_forward/w2/MatMul_2d_quant_output_scale_mul,524288
/lm/layers.23/feed_forward/w2/MatMul_2d_quant_scales_mul,2
/lm/layers.23/feed_forward/w3/MatMul_2d_quant,0
/lm/layers.23/feed_forward/w3/MatMul_2d_quant_output_scale_mul,2752512
/lm/layers.23/feed_forward/w3/MatMul_2d_quant_scales_mul,2
/lm/layers.23/ffn_norm/Add,256
/lm/layers.23/ffn_norm/Div,2097152
/lm/layers.23/ffn_norm/Mul_1,524288
/lm/layers.23/ffn_norm/Pow,16777216
/lm/layers.23/ffn_norm/ReduceMean,524288
/lm/layers.23/ffn_norm/Sqrt,6144
/lm/layers.23/operator_norm/Add,256
/lm/layers.23/operator_norm/Div,2097152
/lm/layers.23/operator_norm/Mul_1,524288
/lm/layers.23/operator_norm/Pow,16777216
/lm/layers.23/operator_norm/ReduceMean,524288
/lm/layers.23/operator_norm/Sqrt,6144
/lm/layers.24/Add,524288
/lm/layers.24/Add_1,524288
/lm/layers.24/feed_forward/Mul,2752512
/lm/layers.24/feed_forward/Mul_1,2752512
/lm/layers.24/feed_forward/Sigmoid,88080384
/lm/layers.24/feed_forward/w1/MatMul_2d_quant,0
/lm/layers.24/feed_forward/w1/MatMul_2d_quant_output_scale_mul,2752512
/lm/layers.24/feed_forward/w1/MatMul_2d_quant_scales_mul,2
/lm/layers.24/feed_forward/w2/MatMul_2d_quant,0
/lm/layers.24/feed_forward/w2/MatMul_2d_quant_output_scale_mul,524288
/lm/layers.24/feed_forward/w2/MatMul_2d_quant_scales_mul,2
/lm/layers.24/feed_forward/w3/MatMul_2d_quant,0
/lm/layers.24/feed_forward/w3/MatMul_2d_quant_output_scale_mul,2752512
/lm/layers.24/feed_forward/w3/MatMul_2d_quant_scales_mul,2
/lm/layers.24/ffn_norm/Add,256
/lm/layers.24/ffn_norm/Div,2097152
/lm/layers.24/ffn_norm/Mul_1,524288
/lm/layers.24/ffn_norm/Pow,16777216
/lm/layers.24/ffn_norm/ReduceMean,524288
/lm/layers.24/ffn_norm/Sqrt,6144
/lm/layers.24/operator_norm/Add,256
/lm/layers.24/operator_norm/Div,2097152
/lm/layers.24/operator_norm/Mul_1,524288
/lm/layers.24/operator_norm/Pow,16777216
/lm/layers.24/operator_norm/ReduceMean,524288
/lm/layers.24/operator_norm/Sqrt,6144
/lm/layers.24/self_attn/Add,524288
/lm/layers.24/self_attn/Add_1,131072
/lm/layers.24/self_attn/Add_2,1048576
/lm/layers.24/self_attn/Concat,262144
/lm/layers.24/self_attn/Concat_1,65536
/lm/layers.24/self_attn/Expand,0
/lm/layers.24/self_attn/Expand_1,0
/lm/layers.24/self_attn/IsNaN,0
/lm/layers.24/self_attn/MatMul,67108864
/lm/layers.24/self_attn/MatMul_1,67108864
/lm/layers.24/self_attn/Mul,524288
/lm/layers.24/self_attn/Mul_1,524288
/lm/layers.24/self_attn/Mul_2,131072
/lm/layers.24/self_attn/Mul_3,131072
/lm/layers.24/self_attn/Mul_6,524288
/lm/layers.24/self_attn/Mul_7,524288
/lm/layers.24/self_attn/Neg,262144
/lm/layers.24/self_attn/Neg_1,65536
/lm/layers.24/self_attn/Reshape_3,2
/lm/layers.24/self_attn/Reshape_4,2
/lm/layers.24/self_attn/Reshape_5_new_reshape,2
/lm/layers.24/self_attn/Slice,262144
/lm/layers.24/self_attn/Slice_1,262144
/lm/layers.24/self_attn/Slice_2,65536
/lm/layers.24/self_attn/Slice_3,65536
/lm/layers.24/self_attn/Softmax,37748736
/lm/layers.24/self_attn/Transpose,0
/lm/layers.24/self_attn/Transpose_1,0
/lm/layers.24/self_attn/Transpose_2,0
/lm/layers.24/self_attn/Transpose_3,0
/lm/layers.24/self_attn/Transpose_4,0
/lm/layers.24/self_attn/Unsqueeze,131072
/lm/layers.24/self_attn/Unsqueeze_1,131072
/lm/layers.24/self_attn/Where_3,1048576
/lm/layers.24/self_attn/k_layernorm/Add,2048
/lm/layers.24/self_attn/k_layernorm/Div,524288
/lm/layers.24/self_attn/k_layernorm/Mul_1,131072
/lm/layers.24/self_attn/k_layernorm/Pow,4194304
/lm/layers.24/self_attn/k_layernorm/ReduceMean,131072
/lm/layers.24/self_attn/k_layernorm/Sqrt,49152
/lm/layers.24/self_attn/k_proj/MatMul_2d_quant,0
/lm/layers.24/self_attn/k_proj/MatMul_2d_quant_output_scale_mul,131072
/lm/layers.24/self_attn/k_proj/MatMul_2d_quant_scales_mul,2
/lm/layers.24/self_attn/out_proj/MatMul_2d_quant,0
/lm/layers.24/self_attn/out_proj/MatMul_2d_quant_output_scale_mul,524288
/lm/layers.24/self_attn/out_proj/MatMul_2d_quant_scales_mul,2
/lm/layers.24/self_attn/q_layernorm/Add,8192
/lm/layers.24/self_attn/q_layernorm/Div,2097152
/lm/layers.24/self_attn/q_layernorm/Mul_1,524288
/lm/layers.24/self_attn/q_layernorm/Pow,16777216
/lm/layers.24/self_attn/q_layernorm/ReduceMean,524288
/lm/layers.24/self_attn/q_layernorm/Sqrt,196608
/lm/layers.24/self_attn/q_proj/MatMul_2d_quant,0
/lm/layers.24/self_attn/q_proj/MatMul_2d_quant_output_scale_mul,524288
/lm/layers.24/self_attn/q_proj/MatMul_2d_quant_scales_mul,2
/lm/layers.24/self_attn/v_proj/MatMul_2d_quant,0
/lm/layers.24/self_attn/v_proj/MatMul_2d_quant_output_scale_mul,131072
/lm/layers.24/self_attn/v_proj/MatMul_2d_quant_scales_mul,2
/lm/layers.25/Add,524288
/lm/layers.25/Add_1,524288
/lm/layers.25/conv/Conv,1597440
/lm/layers.25/conv/Mul,524288
/lm/layers.25/conv/Mul_4,524288
/lm/layers.25/conv/Mul_5,524288
/lm/layers.25/conv/Slice,524288
/lm/layers.25/conv/Slice_1,524288
/lm/layers.25/conv/Slice_2,524288
/lm/layers.25/conv/Slice_3,524288
/lm/layers.25/conv/Transpose,0
/lm/layers.25/conv/Transpose_1,0
/lm/layers.25/conv/in_proj/MatMul_2d_quant,0
/lm/layers.25/conv/in_proj/MatMul_2d_quant_output_scale_mul,1572864
/lm/layers.25/conv/in_proj/MatMul_2d_quant_scales_mul,2
/lm/layers.25/conv/out_proj/MatMul_2d_quant,0
/lm/layers.25/conv/out_proj/MatMul_2d_quant_output_scale_mul,524288
/lm/layers.25/conv/out_proj/MatMul_2d_quant_scales_mul,2
/lm/layers.25/feed_forward/Mul,2752512
/lm/layers.25/feed_forward/Mul_1,2752512
/lm/layers.25/feed_forward/Sigmoid,88080384
/lm/layers.25/feed_forward/w1/MatMul_2d_quant,0
/lm/layers.25/feed_forward/w1/MatMul_2d_quant_output_scale_mul,2752512
/lm/layers.25/feed_forward/w1/MatMul_2d_quant_scales_mul,2
/lm/layers.25/feed_forward/w2/MatMul_2d_quant,0
/lm/layers.25/feed_forward/w2/MatMul_2d_quant_output_scale_mul,524288
/lm/layers.25/feed_forward/w2/MatMul_2d_quant_scales_mul,2
/lm/layers.25/feed_forward/w3/MatMul_2d_quant,0
/lm/layers.25/feed_forward/w3/MatMul_2d_quant_output_scale_mul,2752512
/lm/layers.25/feed_forward/w3/MatMul_2d_quant_scales_mul,2
/lm/layers.25/ffn_norm/Add,256
/lm/layers.25/ffn_norm/Div,2097152
/lm/layers.25/ffn_norm/Mul_1,524288
/lm/layers.25/ffn_norm/Pow,16777216
/lm/layers.25/ffn_norm/ReduceMean,524288
/lm/layers.25/ffn_norm/Sqrt,6144
/lm/layers.25/operator_norm/Add,256
/lm/layers.25/operator_norm/Div,2097152
/lm/layers.25/operator_norm/Mul_1,524288
/lm/layers.25/operator_norm/Pow,16777216
/lm/layers.25/operator_norm/ReduceMean,524288
/lm/layers.25/operator_norm/Sqrt,6144
/lm/layers.26/Add,524288
/lm/layers.26/Add_1,524288
/lm/layers.26/conv/Conv,1597440
/lm/layers.26/conv/Mul,524288
/lm/layers.26/conv/Mul_4,524288
/lm/layers.26/conv/Mul_5,524288
/lm/layers.26/conv/Slice,524288
/lm/layers.26/conv/Slice_1,524288
/lm/layers.26/conv/Slice_2,524288
/lm/layers.26/conv/Slice_3,524288
/lm/layers.26/conv/Transpose,0
/lm/layers.26/conv/Transpose_1,0
/lm/layers.26/conv/in_proj/MatMul_2d_quant,0
/lm/layers.26/conv/in_proj/MatMul_2d_quant_output_scale_mul,1572864
/lm/layers.26/conv/in_proj/MatMul_2d_quant_scales_mul,2
/lm/layers.26/conv/out_proj/MatMul_2d_quant,0
/lm/layers.26/conv/out_proj/MatMul_2d_quant_output_scale_mul,524288
/lm/layers.26/conv/out_proj/MatMul_2d_quant_scales_mul,2
/lm/layers.26/feed_forward/Mul,2752512
/lm/layers.26/feed_forward/Mul_1,2752512
/lm/layers.26/feed_forward/Sigmoid,88080384
/lm/layers.26/feed_forward/w1/MatMul_2d_quant,0
/lm/layers.26/feed_forward/w1/MatMul_2d_quant_output_scale_mul,2752512
/lm/layers.26/feed_forward/w1/MatMul_2d_quant_scales_mul,2
/lm/layers.26/feed_forward/w2/MatMul_2d_quant,0
/lm/layers.26/feed_forward/w2/MatMul_2d_quant_output_scale_mul,524288
/lm/layers.26/feed_forward/w2/MatMul_2d_quant_scales_mul,2
/lm/layers.26/feed_forward/w3/MatMul_2d_quant,0
/lm/layers.26/feed_forward/w3/MatMul_2d_quant_output_scale_mul,2752512
/lm/layers.26/feed_forward/w3/MatMul_2d_quant_scales_mul,2
/lm/layers.26/ffn_norm/Add,256
/lm/layers.26/ffn_norm/Div,2097152
/lm/layers.26/ffn_norm/Mul_1,524288
/lm/layers.26/ffn_norm/Pow,16777216
/lm/layers.26/ffn_norm/ReduceMean,524288
/lm/layers.26/ffn_norm/Sqrt,6144
/lm/layers.26/operator_norm/Add,256
/lm/layers.26/operator_norm/Div,2097152
/lm/layers.26/operator_norm/Mul_1,524288
/lm/layers.26/operator_norm/Pow,16777216
/lm/layers.26/operator_norm/ReduceMean,524288
/lm/layers.26/operator_norm/Sqrt,6144
/lm/layers.27/Add,524288
/lm/layers.27/Add_1,524288
/lm/layers.27/feed_forward/Mul,2752512
/lm/layers.27/feed_forward/Mul_1,2752512
/lm/layers.27/feed_forward/Sigmoid,88080384
/lm/layers.27/feed_forward/w1/MatMul_2d_quant,0
/lm/layers.27/feed_forward/w1/MatMul_2d_quant_output_scale_mul,2752512
/lm/layers.27/feed_forward/w1/MatMul_2d_quant_scales_mul,2
/lm/layers.27/feed_forward/w2/MatMul_2d_quant,0
/lm/layers.27/feed_forward/w2/MatMul_2d_quant_output_scale_mul,524288
/lm/layers.27/feed_forward/w2/MatMul_2d_quant_scales_mul,2
/lm/layers.27/feed_forward/w3/MatMul_2d_quant,0
/lm/layers.27/feed_forward/w3/MatMul_2d_quant_output_scale_mul,2752512
/lm/layers.27/feed_forward/w3/MatMul_2d_quant_scales_mul,2
/lm/layers.27/ffn_norm/Add,256
/lm/layers.27/ffn_norm/Div,2097152
/lm/layers.27/ffn_norm/Mul_1,524288
/lm/layers.27/ffn_norm/Pow,16777216
/lm/layers.27/ffn_norm/ReduceMean,524288
/lm/layers.27/ffn_norm/Sqrt,6144
/lm/layers.27/operator_norm/Add,256
/lm/layers.27/operator_norm/Div,2097152
/lm/layers.27/operator_norm/Mul_1,524288
/lm/layers.27/operator_norm/Pow,16777216
/lm/layers.27/operator_norm/ReduceMean,524288
/lm/layers.27/operator_norm/Sqrt,6144
/lm/layers.27/self_attn/Add,524288
/lm/layers.27/self_attn/Add_1,131072
/lm/layers.27/self_attn/Add_2,1048576
/lm/layers.27/self_attn/Concat,262144
/lm/layers.27/self_attn/Concat_1,65536
/lm/layers.27/self_attn/Expand,0
/lm/layers.27/self_attn/Expand_1,0
/lm/layers.27/self_attn/IsNaN,0
/lm/layers.27/self_attn/MatMul,67108864
/lm/layers.27/self_attn/MatMul_1,67108864
/lm/layers.27/self_attn/Mul,524288
/lm/layers.27/self_attn/Mul_1,524288
/lm/layers.27/self_attn/Mul_2,131072
/lm/layers.27/self_attn/Mul_3,131072
/lm/layers.27/self_attn/Mul_6,524288
/lm/layers.27/self_attn/Mul_7,524288
/lm/layers.27/self_attn/Neg,262144
/lm/layers.27/self_attn/Neg_1,65536
/lm/layers.27/self_attn/Reshape_3,2
/lm/layers.27/self_attn/Reshape_4,2
/lm/layers.27/self_attn/Reshape_5_new_reshape,2
/lm/layers.27/self_attn/Slice,262144
/lm/layers.27/self_attn/Slice_1,262144
/lm/layers.27/self_attn/Slice_2,65536
/lm/layers.27/self_attn/Slice_3,65536
/lm/layers.27/self_attn/Softmax,37748736
/lm/layers.27/self_attn/Transpose,0
/lm/layers.27/self_attn/Transpose_1,0
/lm/layers.27/self_attn/Transpose_2,0
/lm/layers.27/self_attn/Transpose_3,0
/lm/layers.27/self_attn/Transpose_4,0
/lm/layers.27/self_attn/Unsqueeze,131072
/lm/layers.27/self_attn/Unsqueeze_1,131072
/lm/layers.27/self_attn/Where_3,1048576
/lm/layers.27/self_attn/k_layernorm/Add,2048
/lm/layers.27/self_attn/k_layernorm/Div,524288
/lm/layers.27/self_attn/k_layernorm/Mul_1,131072
/lm/layers.27/self_attn/k_layernorm/Pow,4194304
/lm/layers.27/self_attn/k_layernorm/ReduceMean,131072
/lm/layers.27/self_attn/k_layernorm/Sqrt,49152
/lm/layers.27/self_attn/k_proj/MatMul_2d_quant,0
/lm/layers.27/self_attn/k_proj/MatMul_2d_quant_output_scale_mul,131072
/lm/layers.27/self_attn/k_proj/MatMul_2d_quant_scales_mul,2
/lm/layers.27/self_attn/out_proj/MatMul_2d_quant,0
/lm/layers.27/self_attn/out_proj/MatMul_2d_quant_output_scale_mul,524288
/lm/layers.27/self_attn/out_proj/MatMul_2d_quant_scales_mul,2
/lm/layers.27/self_attn/q_layernorm/Add,8192
/lm/layers.27/self_attn/q_layernorm/Div,2097152
/lm/layers.27/self_attn/q_layernorm/Mul_1,524288
/lm/layers.27/self_attn/q_layernorm/Pow,16777216
/lm/layers.27/self_attn/q_layernorm/ReduceMean,524288
/lm/layers.27/self_attn/q_layernorm/Sqrt,196608
/lm/layers.27/self_attn/q_proj/MatMul_2d_quant,0
/lm/layers.27/self_attn/q_proj/MatMul_2d_quant_output_scale_mul,524288
/lm/layers.27/self_attn/q_proj/MatMul_2d_quant_scales_mul,2
/lm/layers.27/self_attn/v_proj/MatMul_2d_quant,0
/lm/layers.27/self_attn/v_proj/MatMul_2d_quant_output_scale_mul,131072
/lm/layers.27/self_attn/v_proj/MatMul_2d_quant_scales_mul,2
/lm/layers.28/Add,524288
/lm/layers.28/Add_1,524288
/lm/layers.28/conv/Conv,1597440
/lm/layers.28/conv/Mul,524288
/lm/layers.28/conv/Mul_4,524288
/lm/layers.28/conv/Mul_5,524288
/lm/layers.28/conv/Slice,524288
/lm/layers.28/conv/Slice_1,524288
/lm/layers.28/conv/Slice_2,524288
/lm/layers.28/conv/Slice_3,524288
/lm/layers.28/conv/Transpose,0
/lm/layers.28/conv/Transpose_1,0
/lm/layers.28/conv/in_proj/MatMul_2d_quant,0
/lm/layers.28/conv/in_proj/MatMul_2d_quant_output_scale_mul,1572864
/lm/layers.28/conv/in_proj/MatMul_2d_quant_scales_mul,2
/lm/layers.28/conv/out_proj/MatMul_2d_quant,0
/lm/layers.28/conv/out_proj/MatMul_2d_quant_output_scale_mul,524288
/lm/layers.28/conv/out_proj/MatMul_2d_quant_scales_mul,2
/lm/layers.28/feed_forward/Mul,2752512
/lm/layers.28/feed_forward/Mul_1,2752512
/lm/layers.28/feed_forward/Sigmoid,88080384
/lm/layers.28/feed_forward/w1/MatMul_2d_quant,0
/lm/layers.28/feed_forward/w1/MatMul_2d_quant_output_scale_mul,2752512
/lm/layers.28/feed_forward/w1/MatMul_2d_quant_scales_mul,2
/lm/layers.28/feed_forward/w2/MatMul_2d_quant,0
/lm/layers.28/feed_forward/w2/MatMul_2d_quant_output_scale_mul,524288
/lm/layers.28/feed_forward/w2/MatMul_2d_quant_scales_mul,2
/lm/layers.28/feed_forward/w3/MatMul_2d_quant,0
/lm/layers.28/feed_forward/w3/MatMul_2d_quant_output_scale_mul,2752512
/lm/layers.28/feed_forward/w3/MatMul_2d_quant_scales_mul,2
/lm/layers.28/ffn_norm/Add,256
/lm/layers.28/ffn_norm/Div,2097152
/lm/layers.28/ffn_norm/Mul_1,524288
/lm/layers.28/ffn_norm/Pow,16777216
/lm/layers.28/ffn_norm/ReduceMean,524288
/lm/layers.28/ffn_norm/Sqrt,6144
/lm/layers.28/operator_norm/Add,256
/lm/layers.28/operator_norm/Div,2097152
/lm/layers.28/operator_norm/Mul_1,524288
/lm/layers.28/operator_norm/Pow,16777216
/lm/layers.28/operator_norm/ReduceMean,524288
/lm/layers.28/operator_norm/Sqrt,6144
/lm/layers.29/Add,524288
/lm/layers.29/Add_1,524288
/lm/layers.29/conv/Conv,1597440
/lm/layers.29/conv/Mul,524288
/lm/layers.29/conv/Mul_4,524288
/lm/layers.29/conv/Mul_5,524288
/lm/layers.29/conv/Slice,524288
/lm/layers.29/conv/Slice_1,524288
/lm/layers.29/conv/Slice_2,524288
/lm/layers.29/conv/Slice_3,524288
/lm/layers.29/conv/Transpose,0
/lm/layers.29/conv/Transpose_1,0
/lm/layers.29/conv/in_proj/MatMul_2d_quant,0
/lm/layers.29/conv/in_proj/MatMul_2d_quant_output_scale_mul,1572864
/lm/layers.29/conv/in_proj/MatMul_2d_quant_scales_mul,2
/lm/layers.29/conv/out_proj/MatMul_2d_quant,0
/lm/layers.29/conv/out_proj/MatMul_2d_quant_output_scale_mul,524288
/lm/layers.29/conv/out_proj/MatMul_2d_quant_scales_mul,2
/lm/layers.29/feed_forward/Mul,2752512
/lm/layers.29/feed_forward/Mul_1,2752512
/lm/layers.29/feed_forward/Sigmoid,88080384
/lm/layers.29/feed_forward/w1/MatMul_2d_quant,0
/lm/layers.29/feed_forward/w1/MatMul_2d_quant_output_scale_mul,2752512
/lm/layers.29/feed_forward/w1/MatMul_2d_quant_scales_mul,2
/lm/layers.29/feed_forward/w2/MatMul_2d_quant,0
/lm/layers.29/feed_forward/w2/MatMul_2d_quant_output_scale_mul,524288
/lm/layers.29/feed_forward/w2/MatMul_2d_quant_scales_mul,2
/lm/layers.29/feed_forward/w3/MatMul_2d_quant,0
/lm/layers.29/feed_forward/w3/MatMul_2d_quant_output_scale_mul,2752512
/lm/layers.29/feed_forward/w3/MatMul_2d_quant_scales_mul,2
/lm/layers.29/ffn_norm/Add,256
/lm/layers.29/ffn_norm/Div,2097152
/lm/layers.29/ffn_norm/Mul_1,524288
/lm/layers.29/ffn_norm/Pow,16777216
/lm/layers.29/ffn_norm/ReduceMean,524288
/lm/layers.29/ffn_norm/Sqrt,6144
/lm/layers.29/operator_norm/Add,256
/lm/layers.29/operator_norm/Div,2097152
/lm/layers.29/operator_norm/Mul_1,524288
/lm/layers.29/operator_norm/Pow,16777216
/lm/layers.29/operator_norm/ReduceMean,524288
/lm/layers.29/operator_norm/Sqrt,6144
/lm/layers.3/Add,524288
/lm/layers.3/Add_1,524288
/lm/layers.3/conv/Conv,1597440
/lm/layers.3/conv/Mul,524288
/lm/layers.3/conv/Mul_4,524288
/lm/layers.3/conv/Mul_5,524288
/lm/layers.3/conv/Slice,524288
/lm/layers.3/conv/Slice_1,524288
/lm/layers.3/conv/Slice_2,524288
/lm/layers.3/conv/Slice_3,524288
/lm/layers.3/conv/Transpose,0
/lm/layers.3/conv/Transpose_1,0
/lm/layers.3/conv/in_proj/MatMul_2d_quant,0
/lm/layers.3/conv/in_proj/MatMul_2d_quant_output_scale_mul,1572864
/lm/layers.3/conv/in_proj/MatMul_2d_quant_scales_mul,2
/lm/layers.3/conv/out_proj/MatMul_2d_quant,0
/lm/layers.3/conv/out_proj/MatMul_2d_quant_output_scale_mul,524288
/lm/layers.3/conv/out_proj/MatMul_2d_quant_scales_mul,2
/lm/layers.3/feed_forward/Mul,2752512
/lm/layers.3/feed_forward/Mul_1,2752512
/lm/layers.3/feed_forward/Sigmoid,88080384
/lm/layers.3/feed_forward/w1/MatMul_2d_quant,0
/lm/layers.3/feed_forward/w1/MatMul_2d_quant_output_scale_mul,2752512
/lm/layers.3/feed_forward/w1/MatMul_2d_quant_scales_mul,2
/lm/layers.3/feed_forward/w2/MatMul_2d_quant,0
/lm/layers.3/feed_forward/w2/MatMul_2d_quant_output_scale_mul,524288
/lm/layers.3/feed_forward/w2/MatMul_2d_quant_scales_mul,2
/lm/layers.3/feed_forward/w3/MatMul_2d_quant,0
/lm/layers.3/feed_forward/w3/MatMul_2d_quant_output_scale_mul,2752512
/lm/layers.3/feed_forward/w3/MatMul_2d_quant_scales_mul,2
/lm/layers.3/ffn_norm/Add,256
/lm/layers.3/ffn_norm/Div,2097152
/lm/layers.3/ffn_norm/Mul_1,524288
/lm/layers.3/ffn_norm/Pow,16777216
/lm/layers.3/ffn_norm/ReduceMean,524288
/lm/layers.3/ffn_norm/Sqrt,6144
/lm/layers.3/operator_norm/Add,256
/lm/layers.3/operator_norm/Div,2097152
/lm/layers.3/operator_norm/Mul_1,524288
/lm/layers.3/operator_norm/Pow,16777216
/lm/layers.3/operator_norm/ReduceMean,524288
/lm/layers.3/operator_norm/Sqrt,6144
/lm/layers.4/Add,524288
/lm/layers.4/Add_1,524288
/lm/layers.4/conv/Conv,1597440
/lm/layers.4/conv/Mul,524288
/lm/layers.4/conv/Mul_4,524288
/lm/layers.4/conv/Mul_5,524288
/lm/layers.4/conv/Slice,524288
/lm/layers.4/conv/Slice_1,524288
/lm/layers.4/conv/Slice_2,524288
/lm/layers.4/conv/Slice_3,524288
/lm/layers.4/conv/Transpose,0
/lm/layers.4/conv/Transpose_1,0
/lm/layers.4/conv/in_proj/MatMul_2d_quant,0
/lm/layers.4/conv/in_proj/MatMul_2d_quant_output_scale_mul,1572864
/lm/layers.4/conv/in_proj/MatMul_2d_quant_scales_mul,2
/lm/layers.4/conv/out_proj/MatMul_2d_quant,0
/lm/layers.4/conv/out_proj/MatMul_2d_quant_output_scale_mul,524288
/lm/layers.4/conv/out_proj/MatMul_2d_quant_scales_mul,2
/lm/layers.4/feed_forward/Mul,2752512
/lm/layers.4/feed_forward/Mul_1,2752512
/lm/layers.4/feed_forward/Sigmoid,88080384
/lm/layers.4/feed_forward/w1/MatMul_2d_quant,0
/lm/layers.4/feed_forward/w1/MatMul_2d_quant_output_scale_mul,2752512
/lm/layers.4/feed_forward/w1/MatMul_2d_quant_scales_mul,2
/lm/layers.4/feed_forward/w2/MatMul_2d_quant,0
/lm/layers.4/feed_forward/w2/MatMul_2d_quant_output_scale_mul,524288
/lm/layers.4/feed_forward/w2/MatMul_2d_quant_scales_mul,2
/lm/layers.4/feed_forward/w3/MatMul_2d_quant,0
/lm/layers.4/feed_forward/w3/MatMul_2d_quant_output_scale_mul,2752512
/lm/layers.4/feed_forward/w3/MatMul_2d_quant_scales_mul,2
/lm/layers.4/ffn_norm/Add,256
/lm/layers.4/ffn_norm/Div,2097152
/lm/layers.4/ffn_norm/Mul_1,524288
/lm/layers.4/ffn_norm/Pow,16777216
/lm/layers.4/ffn_norm/ReduceMean,524288
/lm/layers.4/ffn_norm/Sqrt,6144
/lm/layers.4/operator_norm/Add,256
/lm/layers.4/operator_norm/Div,2097152
/lm/layers.4/operator_norm/Mul_1,524288
/lm/layers.4/operator_norm/Pow,16777216
/lm/layers.4/operator_norm/ReduceMean,524288
/lm/layers.4/operator_norm/Sqrt,6144
/lm/layers.5/Add,524288
/lm/layers.5/Add_1,524288
/lm/layers.5/feed_forward/Mul,2752512
/lm/layers.5/feed_forward/Mul_1,2752512
/lm/layers.5/feed_forward/Sigmoid,88080384
/lm/layers.5/feed_forward/w1/MatMul_2d_quant,0
/lm/layers.5/feed_forward/w1/MatMul_2d_quant_output_scale_mul,2752512
/lm/layers.5/feed_forward/w1/MatMul_2d_quant_scales_mul,2
/lm/layers.5/feed_forward/w2/MatMul_2d_quant,0
/lm/layers.5/feed_forward/w2/MatMul_2d_quant_output_scale_mul,524288
/lm/layers.5/feed_forward/w2/MatMul_2d_quant_scales_mul,2
/lm/layers.5/feed_forward/w3/MatMul_2d_quant,0
/lm/layers.5/feed_forward/w3/MatMul_2d_quant_output_scale_mul,2752512
/lm/layers.5/feed_forward/w3/MatMul_2d_quant_scales_mul,2
/lm/layers.5/ffn_norm/Add,256
/lm/layers.5/ffn_norm/Div,2097152
/lm/layers.5/ffn_norm/Mul_1,524288
/lm/layers.5/ffn_norm/Pow,16777216
/lm/layers.5/ffn_norm/ReduceMean,524288
/lm/layers.5/ffn_norm/Sqrt,6144
/lm/layers.5/operator_norm/Add,256
/lm/layers.5/operator_norm/Div,2097152
/lm/layers.5/operator_norm/Mul_1,524288
/lm/layers.5/operator_norm/Pow,16777216
/lm/layers.5/operator_norm/ReduceMean,524288
/lm/layers.5/operator_norm/Sqrt,6144
/lm/layers.5/self_attn/Add,524288
/lm/layers.5/self_attn/Add_1,131072
/lm/layers.5/self_attn/Add_2,1048576
/lm/layers.5/self_attn/Concat,262144
/lm/layers.5/self_attn/Concat_1,65536
/lm/layers.5/self_attn/Expand,0
/lm/layers.5/self_attn/Expand_1,0
/lm/layers.5/self_attn/IsNaN,0
/lm/layers.5/self_attn/MatMul,67108864
/lm/layers.5/self_attn/MatMul_1,67108864
/lm/layers.5/self_attn/Mul,524288
/lm/layers.5/self_attn/Mul_1,524288
/lm/layers.5/self_attn/Mul_2,131072
/lm/layers.5/self_attn/Mul_3,131072
/lm/layers.5/self_attn/Mul_6,524288
/lm/layers.5/self_attn/Mul_7,524288
/lm/layers.5/self_attn/Neg,262144
/lm/layers.5/self_attn/Neg_1,65536
/lm/layers.5/self_attn/Reshape_3,2
/lm/layers.5/self_attn/Reshape_4,2
/lm/layers.5/self_attn/Reshape_5_new_reshape,2
/lm/layers.5/self_attn/Slice,262144
/lm/layers.5/self_attn/Slice_1,262144
/lm/layers.5/self_attn/Slice_2,65536
/lm/layers.5/self_attn/Slice_3,65536
/lm/layers.5/self_attn/Softmax,37748736
/lm/layers.5/self_attn/Transpose,0
/lm/layers.5/self_attn/Transpose_1,0
/lm/layers.5/self_attn/Transpose_2,0
/lm/layers.5/self_attn/Transpose_3,0
/lm/layers.5/self_attn/Transpose_4,0
/lm/layers.5/self_attn/Unsqueeze,131072
/lm/layers.5/self_attn/Unsqueeze_1,131072
/lm/layers.5/self_attn/Where_3,1048576
/lm/layers.5/self_attn/k_layernorm/Add,2048
/lm/layers.5/self_attn/k_layernorm/Div,524288
/lm/layers.5/self_attn/k_layernorm/Mul_1,131072
/lm/layers.5/self_attn/k_layernorm/Pow,4194304
/lm/layers.5/self_attn/k_layernorm/ReduceMean,131072
/lm/layers.5/self_attn/k_layernorm/Sqrt,49152
/lm/layers.5/self_attn/k_proj/MatMul_2d_quant,0
/lm/layers.5/self_attn/k_proj/MatMul_2d_quant_output_scale_mul,131072
/lm/layers.5/self_attn/k_proj/MatMul_2d_quant_scales_mul,2
/lm/layers.5/self_attn/out_proj/MatMul_2d_quant,0
/lm/layers.5/self_attn/out_proj/MatMul_2d_quant_output_scale_mul,524288
/lm/layers.5/self_attn/out_proj/MatMul_2d_quant_scales_mul,2
/lm/layers.5/self_attn/q_layernorm/Add,8192
/lm/layers.5/self_attn/q_layernorm/Div,2097152
/lm/layers.5/self_attn/q_layernorm/Mul_1,524288
/lm/layers.5/self_attn/q_layernorm/Pow,16777216
/lm/layers.5/self_attn/q_layernorm/ReduceMean,524288
/lm/layers.5/self_attn/q_layernorm/Sqrt,196608
/lm/layers.5/self_attn/q_proj/MatMul_2d_quant,0
/lm/layers.5/self_attn/q_proj/MatMul_2d_quant_output_scale_mul,524288
/lm/layers.5/self_attn/q_proj/MatMul_2d_quant_scales_mul,2
/lm/layers.5/self_attn/v_proj/MatMul_2d_quant,0
/lm/layers.5/self_attn/v_proj/MatMul_2d_quant_output_scale_mul,131072
/lm/layers.5/self_attn/v_proj/MatMul_2d_quant_scales_mul,2
/lm/layers.6/Add,524288
/lm/layers.6/Add_1,524288
/lm/layers.6/conv/Conv,1597440
/lm/layers.6/conv/Mul,524288
/lm/layers.6/conv/Mul_4,524288
/lm/layers.6/conv/Mul_5,524288
/lm/layers.6/conv/Slice,524288
/lm/layers.6/conv/Slice_1,524288
/lm/layers.6/conv/Slice_2,524288
/lm/layers.6/conv/Slice_3,524288
/lm/layers.6/conv/Transpose,0
/lm/layers.6/conv/Transpose_1,0
/lm/layers.6/conv/in_proj/MatMul_2d_quant,0
/lm/layers.6/conv/in_proj/MatMul_2d_quant_output_scale_mul,1572864
/lm/layers.6/conv/in_proj/MatMul_2d_quant_scales_mul,2
/lm/layers.6/conv/out_proj/MatMul_2d_quant,0
/lm/layers.6/conv/out_proj/MatMul_2d_quant_output_scale_mul,524288
/lm/layers.6/conv/out_proj/MatMul_2d_quant_scales_mul,2
/lm/layers.6/feed_forward/Mul,2752512
/lm/layers.6/feed_forward/Mul_1,2752512
/lm/layers.6/feed_forward/Sigmoid,88080384
/lm/layers.6/feed_forward/w1/MatMul_2d_quant,0
/lm/layers.6/feed_forward/w1/MatMul_2d_quant_output_scale_mul,2752512
/lm/layers.6/feed_forward/w1/MatMul_2d_quant_scales_mul,2
/lm/layers.6/feed_forward/w2/MatMul_2d_quant,0
/lm/layers.6/feed_forward/w2/MatMul_2d_quant_output_scale_mul,524288
/lm/layers.6/feed_forward/w2/MatMul_2d_quant_scales_mul,2
/lm/layers.6/feed_forward/w3/MatMul_2d_quant,0
/lm/layers.6/feed_forward/w3/MatMul_2d_quant_output_scale_mul,2752512
/lm/layers.6/feed_forward/w3/MatMul_2d_quant_scales_mul,2
/lm/layers.6/ffn_norm/Add,256
/lm/layers.6/ffn_norm/Div,2097152
/lm/layers.6/ffn_norm/Mul_1,524288
/lm/layers.6/ffn_norm/Pow,16777216
/lm/layers.6/ffn_norm/ReduceMean,524288
/lm/layers.6/ffn_norm/Sqrt,6144
/lm/layers.6/operator_norm/Add,256
/lm/layers.6/operator_norm/Div,2097152
/lm/layers.6/operator_norm/Mul_1,524288
/lm/layers.6/operator_norm/Pow,16777216
/lm/layers.6/operator_norm/ReduceMean,524288
/lm/layers.6/operator_norm/Sqrt,6144
/lm/layers.7/Add,524288
/lm/layers.7/Add_1,524288
/lm/layers.7/conv/Conv,1597440
/lm/layers.7/conv/Mul,524288
/lm/layers.7/conv/Mul_4,524288
/lm/layers.7/conv/Mul_5,524288
/lm/layers.7/conv/Slice,524288
/lm/layers.7/conv/Slice_1,524288
/lm/layers.7/conv/Slice_2,524288
/lm/layers.7/conv/Slice_3,524288
/lm/layers.7/conv/Transpose,0
/lm/layers.7/conv/Transpose_1,0
/lm/layers.7/conv/in_proj/MatMul_2d_quant,0
/lm/layers.7/conv/in_proj/MatMul_2d_quant_output_scale_mul,1572864
/lm/layers.7/conv/in_proj/MatMul_2d_quant_scales_mul,2
/lm/layers.7/conv/out_proj/MatMul_2d_quant,0
/lm/layers.7/conv/out_proj/MatMul_2d_quant_output_scale_mul,524288
/lm/layers.7/conv/out_proj/MatMul_2d_quant_scales_mul,2
/lm/layers.7/feed_forward/Mul,2752512
/lm/layers.7/feed_forward/Mul_1,2752512
/lm/layers.7/feed_forward/Sigmoid,88080384
/lm/layers.7/feed_forward/w1/MatMul_2d_quant,0
/lm/layers.7/feed_forward/w1/MatMul_2d_quant_output_scale_mul,2752512
/lm/layers.7/feed_forward/w1/MatMul_2d_quant_scales_mul,2
/lm/layers.7/feed_forward/w2/MatMul_2d_quant,0
/lm/layers.7/feed_forward/w2/MatMul_2d_quant_output_scale_mul,524288
/lm/layers.7/feed_forward/w2/MatMul_2d_quant_scales_mul,2
/lm/layers.7/feed_forward/w3/MatMul_2d_quant,0
/lm/layers.7/feed_forward/w3/MatMul_2d_quant_output_scale_mul,2752512
/lm/layers.7/feed_forward/w3/MatMul_2d_quant_scales_mul,2
/lm/layers.7/ffn_norm/Add,256
/lm/layers.7/ffn_norm/Div,2097152
/lm/layers.7/ffn_norm/Mul_1,524288
/lm/layers.7/ffn_norm/Pow,16777216
/lm/layers.7/ffn_norm/ReduceMean,524288
/lm/layers.7/ffn_norm/Sqrt,6144
/lm/layers.7/operator_norm/Add,256
/lm/layers.7/operator_norm/Div,2097152
/lm/layers.7/operator_norm/Mul_1,524288
/lm/layers.7/operator_norm/Pow,16777216
/lm/layers.7/operator_norm/ReduceMean,524288
/lm/layers.7/operator_norm/Sqrt,6144
/lm/layers.8/Add,524288
/lm/layers.8/Add_1,524288
/lm/layers.8/conv/Conv,1597440
/lm/layers.8/conv/Mul,524288
/lm/layers.8/conv/Mul_4,524288
/lm/layers.8/conv/Mul_5,524288
/lm/layers.8/conv/Slice,524288
/lm/layers.8/conv/Slice_1,524288
/lm/layers.8/conv/Slice_2,524288
/lm/layers.8/conv/Slice_3,524288
/lm/layers.8/conv/Transpose,0
/lm/layers.8/conv/Transpose_1,0
/lm/layers.8/conv/in_proj/MatMul_2d_quant,0
/lm/layers.8/conv/in_proj/MatMul_2d_quant_output_scale_mul,1572864
/lm/layers.8/conv/in_proj/MatMul_2d_quant_scales_mul,2
/lm/layers.8/conv/out_proj/MatMul_2d_quant,0
/lm/layers.8/conv/out_proj/MatMul_2d_quant_output_scale_mul,524288
/lm/layers.8/conv/out_proj/MatMul_2d_quant_scales_mul,2
/lm/layers.8/feed_forward/Mul,2752512
/lm/layers.8/feed_forward/Mul_1,2752512
/lm/layers.8/feed_forward/Sigmoid,88080384
/lm/layers.8/feed_forward/w1/MatMul_2d_quant,0
/lm/layers.8/feed_forward/w1/MatMul_2d_quant_output_scale_mul,2752512
/lm/layers.8/feed_forward/w1/MatMul_2d_quant_scales_mul,2
/lm/layers.8/feed_forward/w2/MatMul_2d_quant,0
/lm/layers.8/feed_forward/w2/MatMul_2d_quant_output_scale_mul,524288
/lm/layers.8/feed_forward/w2/MatMul_2d_quant_scales_mul,2
/lm/layers.8/feed_forward/w3/MatMul_2d_quant,0
/lm/layers.8/feed_forward/w3/MatMul_2d_quant_output_scale_mul,2752512
/lm/layers.8/feed_forward/w3/MatMul_2d_quant_scales_mul,2
/lm/layers.8/ffn_norm/Add,256
/lm/layers.8/ffn_norm/Div,2097152
/lm/layers.8/ffn_norm/Mul_1,524288
/lm/layers.8/ffn_norm/Pow,16777216
/lm/layers.8/ffn_norm/ReduceMean,524288
/lm/layers.8/ffn_norm/Sqrt,6144
/lm/layers.8/operator_norm/Add,256
/lm/layers.8/operator_norm/Div,2097152
/lm/layers.8/operator_norm/Mul_1,524288
/lm/layers.8/operator_norm/Pow,16777216
/lm/layers.8/operator_norm/ReduceMean,524288
/lm/layers.8/operator_norm/Sqrt,6144
/lm/layers.9/Add,524288
/lm/layers.9/Add_1,524288
/lm/layers.9/feed_forward/Mul,2752512
/lm/layers.9/feed_forward/Mul_1,2752512
/lm/layers.9/feed_forward/Sigmoid,88080384
/lm/layers.9/feed_forward/w1/MatMul_2d_quant,0
/lm/layers.9/feed_forward/w1/MatMul_2d_quant_output_scale_mul,2752512
/lm/layers.9/feed_forward/w1/MatMul_2d_quant_scales_mul,2
/lm/layers.9/feed_forward/w2/MatMul_2d_quant,0
/lm/layers.9/feed_forward/w2/MatMul_2d_quant_output_scale_mul,524288
/lm/layers.9/feed_forward/w2/MatMul_2d_quant_scales_mul,2
/lm/layers.9/feed_forward/w3/MatMul_2d_quant,0
/lm/layers.9/feed_forward/w3/MatMul_2d_quant_output_scale_mul,2752512
/lm/layers.9/feed_forward/w3/MatMul_2d_quant_scales_mul,2
/lm/layers.9/ffn_norm/Add,256
/lm/layers.9/ffn_norm/Div,2097152
/lm/layers.9/ffn_norm/Mul_1,524288
/lm/layers.9/ffn_norm/Pow,16777216
/lm/layers.9/ffn_norm/ReduceMean,524288
/lm/layers.9/ffn_norm/Sqrt,6144
/lm/layers.9/operator_norm/Add,256
/lm/layers.9/operator_norm/Div,2097152
/lm/layers.9/operator_norm/Mul_1,524288
/lm/layers.9/operator_norm/Pow,16777216
/lm/layers.9/operator_norm/ReduceMean,524288
/lm/layers.9/operator_norm/Sqrt,6144
/lm/layers.9/self_attn/Add,524288
/lm/layers.9/self_attn/Add_1,131072
/lm/layers.9/self_attn/Add_2,1048576
/lm/layers.9/self_attn/Concat,262144
/lm/layers.9/self_attn/Concat_1,65536
/lm/layers.9/self_attn/Expand,0
/lm/layers.9/self_attn/Expand_1,0
/lm/layers.9/self_attn/IsNaN,0
/lm/layers.9/self_attn/MatMul,67108864
/lm/layers.9/self_attn/MatMul_1,67108864
/lm/layers.9/self_attn/Mul,524288
/lm/layers.9/self_attn/Mul_1,524288
/lm/layers.9/self_attn/Mul_2,131072
/lm/layers.9/self_attn/Mul_3,131072
/lm/layers.9/self_attn/Mul_6,524288
/lm/layers.9/self_attn/Mul_7,524288
/lm/layers.9/self_attn/Neg,262144
/lm/layers.9/self_attn/Neg_1,65536
/lm/layers.9/self_attn/Reshape_3,2
/lm/layers.9/self_attn/Reshape_4,2
/lm/layers.9/self_attn/Reshape_5_new_reshape,2
/lm/layers.9/self_attn/Slice,262144
/lm/layers.9/self_attn/Slice_1,262144
/lm/layers.9/self_attn/Slice_2,65536
/lm/layers.9/self_attn/Slice_3,65536
/lm/layers.9/self_attn/Softmax,37748736
/lm/layers.9/self_attn/Transpose,0
/lm/layers.9/self_attn/Transpose_1,0
/lm/layers.9/self_attn/Transpose_2,0
/lm/layers.9/self_attn/Transpose_3,0
/lm/layers.9/self_attn/Transpose_4,0
/lm/layers.9/self_attn/Unsqueeze,131072
/lm/layers.9/self_attn/Unsqueeze_1,131072
/lm/layers.9/self_attn/Where_3,1048576
/lm/layers.9/self_attn/k_layernorm/Add,2048
/lm/layers.9/self_attn/k_layernorm/Div,524288
/lm/layers.9/self_attn/k_layernorm/Mul_1,131072
/lm/layers.9/self_attn/k_layernorm/Pow,4194304
/lm/layers.9/self_attn/k_layernorm/ReduceMean,131072
/lm/layers.9/self_attn/k_layernorm/Sqrt,49152
/lm/layers.9/self_attn/k_proj/MatMul_2d_quant,0
/lm/layers.9/self_attn/k_proj/MatMul_2d_quant_output_scale_mul,131072
/lm/layers.9/self_attn/k_proj/MatMul_2d_quant_scales_mul,2
/lm/layers.9/self_attn/out_proj/MatMul_2d_quant,0
/lm/layers.9/self_attn/out_proj/MatMul_2d_quant_output_scale_mul,524288
/lm/layers.9/self_attn/out_proj/MatMul_2d_quant_scales_mul,2
/lm/layers.9/self_attn/q_layernorm/Add,8192
/lm/layers.9/self_attn/q_layernorm/Div,2097152
/lm/layers.9/self_attn/q_layernorm/Mul_1,524288
/lm/layers.9/self_attn/q_layernorm/Pow,16777216
/lm/layers.9/self_attn/q_layernorm/ReduceMean,524288
/lm/layers.9/self_attn/q_layernorm/Sqrt,196608
/lm/layers.9/self_attn/q_proj/MatMul_2d_quant,0
/lm/layers.9/self_attn/q_proj/MatMul_2d_quant_output_scale_mul,524288
/lm/layers.9/self_attn/q_proj/MatMul_2d_quant_scales_mul,2
/lm/layers.9/self_attn/v_proj/MatMul_2d_quant,0
/lm/layers.9/self_attn/v_proj/MatMul_2d_quant_output_scale_mul,131072
/lm/layers.9/self_attn/v_proj/MatMul_2d_quant_scales_mul,2
/lm/rotary_emb/Cast,0
/lm/rotary_emb/Concat,8192
/lm/rotary_emb/Cos,638976
/lm/rotary_emb/Mul,8192
/lm/rotary_emb/Sin,638976
/lm/rotary_emb/Unsqueeze,256
=Reshape->answer_logits,2
=Reshape->d1_hidden_2d,2
Transpose,0
Transpose_token_1,0
Transpose_token_11,0
Transpose_token_13,0
Transpose_token_15,0
Transpose_token_17,0
Transpose_token_19,0
Transpose_token_21,0
Transpose_token_23,0
Transpose_token_25,0
Transpose_token_27,0
Transpose_token_29,0
Transpose_token_3,0
Transpose_token_31,0
Transpose_token_33,0
Transpose_token_35,0
Transpose_token_37,0
Transpose_token_39,0
Transpose_token_41,0
Transpose_token_5,0
Transpose_token_7,0
Transpose_token_9,0
d1_gemm_out_output_quantized_cast,0
d1_hidden_2d_QuantizeLinear,0
d1r_a_101,2
d1r_a_1042,2
d1r_a_1051,2
d1r_a_1070,2
d1r_a_1102,2
d1r_a_1118,2
d1r_a_1127,2
d1r_a_1146,2
d1r_a_117,2
d1r_a_1178,2
d1r_a_1194,2
d1r_a_1203,2
d1r_a_1222,2
d1r_a_1254,2
d1r_a_126,2
d1r_a_1270,2
d1r_a_1279,2
d1r_a_1315,2
d1r_a_1425,2
d1r_a_1434,2
d1r_a_145,2
d1r_a_1453,2
d1r_a_1485,2
d1r_a_1501,2
d1r_a_1510,2
d1r_a_1529,2
d1r_a_1561,2
d1r_a_1577,2
d1r_a_1586,2
d1r_a_1605,2
d1r_a_1637,2
d1r_a_1653,2
d1r_a_1662,2
d1r_a_1698,2
d1r_a_177,2
d1r_a_1808,2
d1r_a_1817,2
d1r_a_1836,2
d1r_a_1868,2
d1r_a_1884,2
d1r_a_1893,2
d1r_a_1912,2
d1r_a_193,2
d1r_a_1944,2
d1r_a_1960,2
d1r_a_1969,2
d1r_a_1988,2
d1r_a_202,2
d1r_a_2020,2
d1r_a_2036,2
d1r_a_2045,2
d1r_a_2081,2
d1r_a_2191,2
d1r_a_2200,2
d1r_a_2219,2
d1r_a_2251,2
d1r_a_2267,2
d1r_a_2276,2
d1r_a_2295,2
d1r_a_2327,2
d1r_a_2343,2
d1r_a_2352,2
d1r_a_238,2
d1r_a_2388,2
d1r_a_2498,2
d1r_a_2507,2
d1r_a_2526,2
d1r_a_2558,2
d1r_a_2574,2
d1r_a_2583,2
d1r_a_2602,2
d1r_a_2634,2
d1r_a_2650,2
d1r_a_2659,2
d1r_a_2695,2
d1r_a_2805,2
d1r_a_2814,2
d1r_a_2833,2
d1r_a_2865,2
d1r_a_2881,2
d1r_a_2890,2
d1r_a_2909,2
d1r_a_2941,2
d1r_a_2957,2
d1r_a_2966,2
d1r_a_352,2
d1r_a_361,2
d1r_a_380,2
d1r_a_412,2
d1r_a_428,2
d1r_a_437,2
d1r_a_456,2
d1r_a_488,2
d1r_a_504,2
d1r_a_513,2
d1r_a_549,2
d1r_a_659,2
d1r_a_668,2
d1r_a_687,2
d1r_a_69,2
d1r_a_719,2
d1r_a_735,2
d1r_a_744,2
d1r_a_763,2
d1r_a_795,2
d1r_a_811,2
d1r_a_820,2
d1r_a_839,2
d1r_a_871,2
d1r_a_887,2
d1r_a_896,2
d1r_a_932,2
d1r_b_101,2
d1r_b_1026,2
d1r_b_1042,2
d1r_b_1047,2
d1r_b_1051,2
d1r_b_1070,2
d1r_b_1102,2
d1r_b_1118,2
d1r_b_1123,2
d1r_b_1127,2
d1r_b_1146,2
d1r_b_117,2
d1r_b_1178,2
d1r_b_1194,2
d1r_b_1199,2
d1r_b_1203,2
d1r_b_122,2
d1r_b_1222,2
d1r_b_1254,2
d1r_b_126,2
d1r_b_1270,2
d1r_b_1275,2
d1r_b_1279,2
d1r_b_1295_new_reshape,2
d1r_b_1315_new_reshape,2
d1r_b_1332_new_reshape,2
d1r_b_1409,2
d1r_b_1425,2
d1r_b_1430,2
d1r_b_1434,2
d1r_b_145,2
d1r_b_1453,2
d1r_b_1485,2
d1r_b_1501,2
d1r_b_1506,2
d1r_b_1510,2
d1r_b_1529,2
d1r_b_1561,2
d1r_b_1577,2
d1r_b_1582,2
d1r_b_1586,2
d1r_b_1605,2
d1r_b_1637,2
d1r_b_1653,2
d1r_b_1658,2
d1r_b_1662,2
d1r_b_1678_new_reshape,2
d1r_b_1698_new_reshape,2
d1r_b_1715_new_reshape,2
d1r_b_177,2
d1r_b_1792,2
d1r_b_1808,2
d1r_b_1813,2
d1r_b_1817,2
d1r_b_1836,2
d1r_b_1868,2
d1r_b_1884,2
d1r_b_1889,2
d1r_b_1893,2
d1r_b_1912,2
d1r_b_193,2
d1r_b_1944,2
d1r_b_1960,2
d1r_b_1965,2
d1r_b_1969,2
d1r_b_198,2
d1r_b_1988,2
d1r_b_202,2
d1r_b_2020,2
d1r_b_2036,2
d1r_b_2041,2
d1r_b_2045,2
d1r_b_2061_new_reshape,2
d1r_b_2081_new_reshape,2
d1r_b_2098_new_reshape,2
d1r_b_2175,2
d1r_b_218_new_reshape,2
d1r_b_2191,2
d1r_b_2196,2
d1r_b_2200,2
d1r_b_2219,2
d1r_b_2251,2
d1r_b_2267,2
d1r_b_2272,2
d1r_b_2276,2
d1r_b_2295,2
d1r_b_2327,2
d1r_b_2343,2
d1r_b_2348,2
d1r_b_2352,2
d1r_b_2368_new_reshape,2
d1r_b_2388_new_reshape,2
d1r_b_238_new_reshape,2
d1r_b_2405_new_reshape,2
d1r_b_2482,2
d1r_b_2498,2
d1r_b_2503,2
d1r_b_2507,2
d1r_b_2526,2
d1r_b_2558,2
d1r_b_255_new_reshape,2
d1r_b_2574,2
d1r_b_2579,2
d1r_b_2583,2
d1r_b_2602,2
d1r_b_2634,2
d1r_b_2650,2
d1r_b_2655,2
d1r_b_2659,2
d1r_b_2675_new_reshape,2
d1r_b_2695_new_reshape,2
d1r_b_2712_new_reshape,2
d1r_b_2789,2
d1r_b_2805,2
d1r_b_2810,2
d1r_b_2814,2
d1r_b_2833,2
d1r_b_2865,2
d1r_b_2881,2
d1r_b_2886,2
d1r_b_2890,2
d1r_b_2909,2
d1r_b_2941,2
d1r_b_2957,2
d1r_b_2962,2
d1r_b_2966,2
d1r_b_336,2
d1r_b_352,2
d1r_b_357,2
d1r_b_361,2
d1r_b_380,2
d1r_b_412,2
d1r_b_428,2
d1r_b_433,2
d1r_b_437,2
d1r_b_456,2
d1r_b_488,2
d1r_b_504,2
d1r_b_509,2
d1r_b_513,2
d1r_b_529_new_reshape,2
d1r_b_549_new_reshape,2
d1r_b_566_new_reshape,2
d1r_b_643,2
d1r_b_659,2
d1r_b_664,2
d1r_b_668,2
d1r_b_687,2
d1r_b_69,2
d1r_b_719,2
d1r_b_735,2
d1r_b_740,2
d1r_b_744,2
d1r_b_763,2
d1r_b_795,2
d1r_b_811,2
d1r_b_816,2
d1r_b_820,2
d1r_b_839,2
d1r_b_871,2
d1r_b_887,2
d1r_b_892,2
d1r_b_896,2
d1r_b_912_new_reshape,2
d1r_b_932_new_reshape,2
d1r_b_949_new_reshape,2
d1r_in_101_QuantizeLinear,0
d1r_in_1026_QuantizeLinear,0
d1r_in_1042_QuantizeLinear,0
d1r_in_1051_QuantizeLinear,0
d1r_in_1070_QuantizeLinear,0
d1r_in_1102_QuantizeLinear,0
d1r_in_1118_QuantizeLinear,0
d1r_in_1127_QuantizeLinear,0
d1r_in_1146_QuantizeLinear,0
d1r_in_1178_QuantizeLinear,0
d1r_in_117_QuantizeLinear,0
d1r_in_1194_QuantizeLinear,0
d1r_in_1203_QuantizeLinear,0
d1r_in_1222_QuantizeLinear,0
d1r_in_1254_QuantizeLinear,0
d1r_in_126_QuantizeLinear,0
d1r_in_1270_QuantizeLinear,0
d1r_in_1279_QuantizeLinear,0
d1r_in_1315_QuantizeLinear,0
d1r_in_1409_QuantizeLinear,0
d1r_in_1425_QuantizeLinear,0
d1r_in_1434_QuantizeLinear,0
d1r_in_1453_QuantizeLinear,0
d1r_in_145_QuantizeLinear,0
d1r_in_1485_QuantizeLinear,0
d1r_in_1501_QuantizeLinear,0
d1r_in_1510_QuantizeLinear,0
d1r_in_1529_QuantizeLinear,0
d1r_in_1561_QuantizeLinear,0
d1r_in_1577_QuantizeLinear,0
d1r_in_1586_QuantizeLinear,0
d1r_in_1605_QuantizeLinear,0
d1r_in_1637_QuantizeLinear,0
d1r_in_1653_QuantizeLinear,0
d1r_in_1662_QuantizeLinear,0
d1r_in_1698_QuantizeLinear,0
d1r_in_177_QuantizeLinear,0
d1r_in_1792_QuantizeLinear,0
d1r_in_1808_QuantizeLinear,0
d1r_in_1817_QuantizeLinear,0
d1r_in_1836_QuantizeLinear,0
d1r_in_1868_QuantizeLinear,0
d1r_in_1884_QuantizeLinear,0
d1r_in_1893_QuantizeLinear,0
d1r_in_1912_QuantizeLinear,0
d1r_in_193_QuantizeLinear,0
d1r_in_1944_QuantizeLinear,0
d1r_in_1960_QuantizeLinear,0
d1r_in_1969_QuantizeLinear,0
d1r_in_1988_QuantizeLinear,0
d1r_in_2020_QuantizeLinear,0
d1r_in_202_QuantizeLinear,0
d1r_in_2036_QuantizeLinear,0
d1r_in_2045_QuantizeLinear,0
d1r_in_2081_QuantizeLinear,0
d1r_in_2175_QuantizeLinear,0
d1r_in_2191_QuantizeLinear,0
d1r_in_2200_QuantizeLinear,0
d1r_in_2219_QuantizeLinear,0
d1r_in_2251_QuantizeLinear,0
d1r_in_2267_QuantizeLinear,0
d1r_in_2276_QuantizeLinear,0
d1r_in_2295_QuantizeLinear,0
d1r_in_2327_QuantizeLinear,0
d1r_in_2343_QuantizeLinear,0
d1r_in_2352_QuantizeLinear,0
d1r_in_2388_QuantizeLinear,0
d1r_in_238_QuantizeLinear,0
d1r_in_2482_QuantizeLinear,0
d1r_in_2498_QuantizeLinear,0
d1r_in_2507_QuantizeLinear,0
d1r_in_2526_QuantizeLinear,0
d1r_in_2558_QuantizeLinear,0
d1r_in_2574_QuantizeLinear,0
d1r_in_2583_QuantizeLinear,0
d1r_in_2602_QuantizeLinear,0
d1r_in_2634_QuantizeLinear,0
d1r_in_2650_QuantizeLinear,0
d1r_in_2659_QuantizeLinear,0
d1r_in_2695_QuantizeLinear,0
d1r_in_2789_QuantizeLinear,0
d1r_in_2805_QuantizeLinear,0
d1r_in_2814_QuantizeLinear,0
d1r_in_2833_QuantizeLinear,0
d1r_in_2865_QuantizeLinear,0
d1r_in_2881_QuantizeLinear,0
d1r_in_2890_QuantizeLinear,0
d1r_in_2909_QuantizeLinear,0
d1r_in_2941_QuantizeLinear,0
d1r_in_2957_QuantizeLinear,0
d1r_in_2966_QuantizeLinear,0
d1r_in_336_QuantizeLinear,0
d1r_in_352_QuantizeLinear,0
d1r_in_361_QuantizeLinear,0
d1r_in_380_QuantizeLinear,0
d1r_in_412_QuantizeLinear,0
d1r_in_428_QuantizeLinear,0
d1r_in_437_QuantizeLinear,0
d1r_in_456_QuantizeLinear,0
d1r_in_488_QuantizeLinear,0
d1r_in_504_QuantizeLinear,0
d1r_in_513_QuantizeLinear,0
d1r_in_549_QuantizeLinear,0
d1r_in_643_QuantizeLinear,0
d1r_in_659_QuantizeLinear,0
d1r_in_668_QuantizeLinear,0
d1r_in_687_QuantizeLinear,0
d1r_in_69_QuantizeLinear,0
d1r_in_719_QuantizeLinear,0
d1r_in_735_QuantizeLinear,0
d1r_in_744_QuantizeLinear,0
d1r_in_763_QuantizeLinear,0
d1r_in_795_QuantizeLinear,0
d1r_in_811_QuantizeLinear,0
d1r_in_820_QuantizeLinear,0
d1r_in_839_QuantizeLinear,0
d1r_in_871_QuantizeLinear,0
d1r_in_887_QuantizeLinear,0
d1r_in_896_QuantizeLinear,0
d1r_in_932_QuantizeLinear,0
d1r_mm_101_output_quantized_cast,0
d1r_mm_1026_output_quantized_cast,0
d1r_mm_1042_output_quantized_cast,0
d1r_mm_1047_output_quantized_cast,0
d1r_mm_1051_output_quantized_cast,0
d1r_mm_1070_output_quantized_cast,0
d1r_mm_1102_output_quantized_cast,0
d1r_mm_1118_output_quantized_cast,0
d1r_mm_1123_output_quantized_cast,0
d1r_mm_1127_output_quantized_cast,0
d1r_mm_1146_output_quantized_cast,0
d1r_mm_1178_output_quantized_cast,0
d1r_mm_117_output_quantized_cast,0
d1r_mm_1194_output_quantized_cast,0
d1r_mm_1199_output_quantized_cast,0
d1r_mm_1203_output_quantized_cast,0
d1r_mm_1222_output_quantized_cast,0
d1r_mm_122_output_quantized_cast,0
d1r_mm_1254_output_quantized_cast,0
d1r_mm_126_output_quantized_cast,0
d1r_mm_1270_output_quantized_cast,0
d1r_mm_1275_output_quantized_cast,0
d1r_mm_1279_output_quantized_cast,0
d1r_mm_1295_output_quantized_cast,0
d1r_mm_1315_output_quantized_cast,0
d1r_mm_1332_output_quantized_cast,0
d1r_mm_1409_output_quantized_cast,0
d1r_mm_1425_output_quantized_cast,0
d1r_mm_1430_output_quantized_cast,0
d1r_mm_1434_output_quantized_cast,0
d1r_mm_1453_output_quantized_cast,0
d1r_mm_145_output_quantized_cast,0
d1r_mm_1485_output_quantized_cast,0
d1r_mm_1501_output_quantized_cast,0
d1r_mm_1506_output_quantized_cast,0
d1r_mm_1510_output_quantized_cast,0
d1r_mm_1529_output_quantized_cast,0
d1r_mm_1561_output_quantized_cast,0
d1r_mm_1577_output_quantized_cast,0
d1r_mm_1582_output_quantized_cast,0
d1r_mm_1586_output_quantized_cast,0
d1r_mm_1605_output_quantized_cast,0
d1r_mm_1637_output_quantized_cast,0
d1r_mm_1653_output_quantized_cast,0
d1r_mm_1658_output_quantized_cast,0
d1r_mm_1662_output_quantized_cast,0
d1r_mm_1678_output_quantized_cast,0
d1r_mm_1698_output_quantized_cast,0
d1r_mm_1715_output_quantized_cast,0
d1r_mm_177_output_quantized_cast,0
d1r_mm_1792_output_quantized_cast,0
d1r_mm_1808_output_quantized_cast,0
d1r_mm_1813_output_quantized_cast,0
d1r_mm_1817_output_quantized_cast,0
d1r_mm_1836_output_quantized_cast,0
d1r_mm_1868_output_quantized_cast,0
d1r_mm_1884_output_quantized_cast,0
d1r_mm_1889_output_quantized_cast,0
d1r_mm_1893_output_quantized_cast,0
d1r_mm_1912_output_quantized_cast,0
d1r_mm_193_output_quantized_cast,0
d1r_mm_1944_output_quantized_cast,0
d1r_mm_1960_output_quantized_cast,0
d1r_mm_1965_output_quantized_cast,0
d1r_mm_1969_output_quantized_cast,0
d1r_mm_1988_output_quantized_cast,0
d1r_mm_198_output_quantized_cast,0
d1r_mm_2020_output_quantized_cast,0
d1r_mm_202_output_quantized_cast,0
d1r_mm_2036_output_quantized_cast,0
d1r_mm_2041_output_quantized_cast,0
d1r_mm_2045_output_quantized_cast,0
d1r_mm_2061_output_quantized_cast,0
d1r_mm_2081_output_quantized_cast,0
d1r_mm_2098_output_quantized_cast,0
d1r_mm_2175_output_quantized_cast,0
d1r_mm_218_output_quantized_cast,0
d1r_mm_2191_output_quantized_cast,0
d1r_mm_2196_output_quantized_cast,0
d1r_mm_2200_output_quantized_cast,0
d1r_mm_2219_output_quantized_cast,0
d1r_mm_2251_output_quantized_cast,0
d1r_mm_2267_output_quantized_cast,0
d1r_mm_2272_output_quantized_cast,0
d1r_mm_2276_output_quantized_cast,0
d1r_mm_2295_output_quantized_cast,0
d1r_mm_2327_output_quantized_cast,0
d1r_mm_2343_output_quantized_cast,0
d1r_mm_2348_output_quantized_cast,0
d1r_mm_2352_output_quantized_cast,0
d1r_mm_2368_output_quantized_cast,0
d1r_mm_2388_output_quantized_cast,0
d1r_mm_238_output_quantized_cast,0
d1r_mm_2405_output_quantized_cast,0
d1r_mm_2482_output_quantized_cast,0
d1r_mm_2498_output_quantized_cast,0
d1r_mm_2503_output_quantized_cast,0
d1r_mm_2507_output_quantized_cast,0
d1r_mm_2526_output_quantized_cast,0
d1r_mm_2558_output_quantized_cast,0
d1r_mm_255_output_quantized_cast,0
d1r_mm_2574_output_quantized_cast,0
d1r_mm_2579_output_quantized_cast,0
d1r_mm_2583_output_quantized_cast,0
d1r_mm_2602_output_quantized_cast,0
d1r_mm_2634_output_quantized_cast,0
d1r_mm_2650_output_quantized_cast,0
d1r_mm_2655_output_quantized_cast,0
d1r_mm_2659_output_quantized_cast,0
d1r_mm_2675_output_quantized_cast,0
d1r_mm_2695_output_quantized_cast,0
d1r_mm_2712_output_quantized_cast,0
d1r_mm_2789_output_quantized_cast,0
d1r_mm_2805_output_quantized_cast,0
d1r_mm_2810_output_quantized_cast,0
d1r_mm_2814_output_quantized_cast,0
d1r_mm_2833_output_quantized_cast,0
d1r_mm_2865_output_quantized_cast,0
d1r_mm_2881_output_quantized_cast,0
d1r_mm_2886_output_quantized_cast,0
d1r_mm_2890_output_quantized_cast,0
d1r_mm_2909_output_quantized_cast,0
d1r_mm_2941_output_quantized_cast,0
d1r_mm_2957_output_quantized_cast,0
d1r_mm_2962_output_quantized_cast,0
d1r_mm_2966_output_quantized_cast,0
d1r_mm_336_output_quantized_cast,0
d1r_mm_352_output_quantized_cast,0
d1r_mm_357_output_quantized_cast,0
d1r_mm_361_output_quantized_cast,0
d1r_mm_380_output_quantized_cast,0
d1r_mm_412_output_quantized_cast,0
d1r_mm_428_output_quantized_cast,0
d1r_mm_433_output_quantized_cast,0
d1r_mm_437_output_quantized_cast,0
d1r_mm_456_output_quantized_cast,0
d1r_mm_488_output_quantized_cast,0
d1r_mm_504_output_quantized_cast,0
d1r_mm_509_output_quantized_cast,0
d1r_mm_513_output_quantized_cast,0
d1r_mm_529_output_quantized_cast,0
d1r_mm_549_output_quantized_cast,0
d1r_mm_566_output_quantized_cast,0
d1r_mm_643_output_quantized_cast,0
d1r_mm_659_output_quantized_cast,0
d1r_mm_664_output_quantized_cast,0
d1r_mm_668_output_quantized_cast,0
d1r_mm_687_output_quantized_cast,0
d1r_mm_69_output_quantized_cast,0
d1r_mm_719_output_quantized_cast,0
d1r_mm_735_output_quantized_cast,0
d1r_mm_740_output_quantized_cast,0
d1r_mm_744_output_quantized_cast,0
d1r_mm_763_output_quantized_cast,0
d1r_mm_795_output_quantized_cast,0
d1r_mm_811_output_quantized_cast,0
d1r_mm_816_output_quantized_cast,0
d1r_mm_820_output_quantized_cast,0
d1r_mm_839_output_quantized_cast,0
d1r_mm_871_output_quantized_cast,0
d1r_mm_887_output_quantized_cast,0
d1r_mm_892_output_quantized_cast,0
d1r_mm_896_output_quantized_cast,0
d1r_mm_912_output_quantized_cast,0
d1r_mm_932_output_quantized_cast,0
d1r_mm_949_output_quantized_cast,0
